year,stateabbr,statedesc,locationname,locationid,measureid,data_value,low_confidence_limit,high_confidence_limit,totalpopulation,totalpop18plus
2023,IL,Illinois,Adams,17001,ACCESS2,7.6,5.7,10.1,64441,49972
2023,IL,Illinois,Adams,17001,BPHIGH,31.6,27.4,35.9,64441,49972
2023,IL,Illinois,Adams,17001,CHECKUP,75.7,71.6,79.5,64441,49972
2023,IL,Illinois,Adams,17001,CHOLSCREEN,84.6,82.0,87.1,64441,49972
2023,IL,Illinois,Adams,17001,DIABETES,9.6,8.0,11.2,64441,49972
2023,IL,Illinois,Adams,17001,OBESITY,38.2,29.5,46.8,64441,49972
2023,IL,Illinois,Alexander,17003,ACCESS2,11.1,8.8,13.9,4695,3690
2023,IL,Illinois,Alexander,17003,BPHIGH,38.7,34.1,43.4,4695,3690
2023,IL,Illinois,Alexander,17003,CHECKUP,77.2,73.0,81.0,4695,3690
2023,IL,Illinois,Alexander,17003,CHOLSCREEN,82.6,79.9,85.1,4695,3690
2023,IL,Illinois,Alexander,17003,DIABETES,13.8,11.8,16.0,4695,3690
2023,IL,Illinois,Alexander,17003,OBESITY,45.3,36.0,55.0,4695,3690
2023,IL,Illinois,Bond,17005,ACCESS2,9.2,7.1,11.7,16450,13506
2023,IL,Illinois,Bond,17005,BPHIGH,32.8,28.7,37.1,16450,13506
2023,IL,Illinois,Bond,17005,CHECKUP,75.6,71.3,79.5,16450,13506
2023,IL,Illinois,Bond,17005,CHOLSCREEN,83.9,81.2,86.4,16450,13506
2023,IL,Illinois,Bond,17005,DIABETES,10.3,8.8,12.0,16450,13506
2023,IL,Illinois,Bond,17005,OBESITY,39.8,31.3,49.3,16450,13506
2023,IL,Illinois,Boone,17007,ACCESS2,12.6,9.9,15.5,53202,40735
2023,IL,Illinois,Boone,17007,BPHIGH,30.9,26.9,35.1,53202,40735
2023,IL,Illinois,Boone,17007,CHECKUP,75.1,70.8,79.1,53202,40735
2023,IL,Illinois,Boone,17007,CHOLSCREEN,84.6,81.9,86.9,53202,40735
2023,IL,Illinois,Boone,17007,DIABETES,10.4,8.8,12.1,53202,40735
2023,IL,Illinois,Boone,17007,OBESITY,36.9,28.8,45.7,53202,40735
2023,IL,Illinois,Brown,17009,ACCESS2,12.0,9.5,14.8,6294,5228
2023,IL,Illinois,Brown,17009,BPHIGH,35.9,33.3,38.5,6294,5228
2023,IL,Illinois,Brown,17009,CHECKUP,75.0,72.4,77.5,6294,5228
2023,IL,Illinois,Brown,17009,CHOLSCREEN,82.4,79.9,84.6,6294,5228
2023,IL,Illinois,Brown,17009,DIABETES,11.4,10.3,12.7,6294,5228
2023,IL,Illinois,Brown,17009,OBESITY,41.6,37.1,46.3,6294,5228
2023,IL,Illinois,Bureau,17011,ACCESS2,9.8,7.7,12.4,32729,26017
2023,IL,Illinois,Bureau,17011,BPHIGH,31.0,26.9,35.4,32729,26017
2023,IL,Illinois,Bureau,17011,CHECKUP,75.5,71.2,79.4,32729,26017
2023,IL,Illinois,Bureau,17011,CHOLSCREEN,83.8,81.1,86.4,32729,26017
2023,IL,Illinois,Bureau,17011,DIABETES,10.1,8.6,11.8,32729,26017
2023,IL,Illinois,Bureau,17011,OBESITY,38.4,30.0,47.3,32729,26017
2023,IL,Illinois,Calhoun,17013,ACCESS2,7.1,5.4,9.3,4317,3452
2023,IL,Illinois,Calhoun,17013,BPHIGH,29.3,25.2,33.6,4317,3452
2023,IL,Illinois,Calhoun,17013,CHECKUP,75.3,70.8,79.4,4317,3452
2023,IL,Illinois,Calhoun,17013,CHOLSCREEN,85.4,82.9,87.7,4317,3452
2023,IL,Illinois,Calhoun,17013,DIABETES,8.5,7.2,9.9,4317,3452
2023,IL,Illinois,Calhoun,17013,OBESITY,35.1,26.3,44.4,4317,3452
2023,IL,Illinois,Carroll,17015,ACCESS2,9.7,7.5,12.4,15526,12708
2023,IL,Illinois,Carroll,17015,BPHIGH,32.6,28.2,37.0,15526,12708
2023,IL,Illinois,Carroll,17015,CHECKUP,74.8,70.6,78.8,15526,12708
2023,IL,Illinois,Carroll,17015,CHOLSCREEN,83.4,80.6,86.0,15526,12708
2023,IL,Illinois,Carroll,17015,DIABETES,10.3,8.7,12.1,15526,12708
2023,IL,Illinois,Carroll,17015,OBESITY,39.3,30.4,48.7,15526,12708
2023,IL,Illinois,Cass,17017,ACCESS2,13.3,10.7,16.3,12596,9542
2023,IL,Illinois,Cass,17017,BPHIGH,32.7,28.7,37.0,12596,9542
2023,IL,Illinois,Cass,17017,CHECKUP,75.1,71.0,79.1,12596,9542
2023,IL,Illinois,Cass,17017,CHOLSCREEN,83.4,80.9,85.9,12596,9542
2023,IL,Illinois,Cass,17017,DIABETES,11.2,9.6,13.0,12596,9542
2023,IL,Illinois,Cass,17017,OBESITY,40.7,32.1,49.8,12596,9542
2023,IL,Illinois,Champaign,17019,ACCESS2,7.7,6.2,9.5,205644,166549
2023,IL,Illinois,Champaign,17019,BPHIGH,31.4,27.4,35.5,205644,166549
2023,IL,Illinois,Champaign,17019,CHECKUP,75.9,72.1,79.5,205644,166549
2023,IL,Illinois,Champaign,17019,CHOLSCREEN,85.6,83.2,87.7,205644,166549
2023,IL,Illinois,Champaign,17019,DIABETES,10.6,9.1,12.3,205644,166549
2023,IL,Illinois,Champaign,17019,OBESITY,34.0,27.1,41.4,205644,166549
2023,IL,Illinois,Christian,17021,ACCESS2,9.1,7.1,11.4,33228,26982
2023,IL,Illinois,Christian,17021,BPHIGH,32.5,28.3,36.8,33228,26982
2023,IL,Illinois,Christian,17021,CHECKUP,74.7,70.0,78.9,33228,26982
2023,IL,Illinois,Christian,17021,CHOLSCREEN,83.4,80.7,86.2,33228,26982
2023,IL,Illinois,Christian,17021,DIABETES,10.1,8.6,11.7,33228,26982
2023,IL,Illinois,Christian,17021,OBESITY,38.1,29.6,47.0,33228,26982
2023,IL,Illinois,Clark,17023,ACCESS2,7.8,5.7,10.2,15088,11771
2023,IL,Illinois,Clark,17023,BPHIGH,31.0,26.9,35.4,15088,11771
2023,IL,Illinois,Clark,17023,CHECKUP,75.4,71.2,79.5,15088,11771
2023,IL,Illinois,Clark,17023,CHOLSCREEN,84.3,81.4,86.8,15088,11771
2023,IL,Illinois,Clark,17023,DIABETES,9.4,7.9,11.0,15088,11771
2023,IL,Illinois,Clark,17023,OBESITY,37.1,28.7,46.4,15088,11771
2023,IL,Illinois,Clay,17025,ACCESS2,9.5,7.2,12.3,12999,10006
2023,IL,Illinois,Clay,17025,BPHIGH,33.3,29.1,37.8,12999,10006
2023,IL,Illinois,Clay,17025,CHECKUP,74.9,70.5,78.9,12999,10006
2023,IL,Illinois,Clay,17025,CHOLSCREEN,82.5,79.5,85.2,12999,10006
2023,IL,Illinois,Clay,17025,DIABETES,10.9,9.2,12.7,12999,10006
2023,IL,Illinois,Clay,17025,OBESITY,41.5,32.6,50.8,12999,10006
2023,IL,Illinois,Clinton,17027,ACCESS2,7.9,6.0,10.2,36785,28932
2023,IL,Illinois,Clinton,17027,BPHIGH,30.8,26.7,35.0,36785,28932
2023,IL,Illinois,Clinton,17027,CHECKUP,75.8,71.6,79.8,36785,28932
2023,IL,Illinois,Clinton,17027,CHOLSCREEN,84.8,82.1,87.4,36785,28932
2023,IL,Illinois,Clinton,17027,DIABETES,9.3,7.9,10.9,36785,28932
2023,IL,Illinois,Clinton,17027,OBESITY,40.0,31.4,48.9,36785,28932
2023,IL,Illinois,Coles,17029,ACCESS2,8.5,6.5,10.9,46060,37579
2023,IL,Illinois,Coles,17029,BPHIGH,32.2,28.0,36.5,46060,37579
2023,IL,Illinois,Coles,17029,CHECKUP,75.8,71.5,79.6,46060,37579
2023,IL,Illinois,Coles,17029,CHOLSCREEN,83.8,81.0,86.4,46060,37579
2023,IL,Illinois,Coles,17029,DIABETES,10.4,8.8,12.2,46060,37579
2023,IL,Illinois,Coles,17029,OBESITY,39.4,30.9,48.1,46060,37579
2023,IL,Illinois,Cook,17031,ACCESS2,12.0,9.7,14.7,5087072,4031580
2023,IL,Illinois,Cook,17031,BPHIGH,28.9,26.5,31.3,5087072,4031580
2023,IL,Illinois,Cook,17031,CHECKUP,76.5,73.8,79.1,5087072,4031580
2023,IL,Illinois,Cook,17031,CHOLSCREEN,87.1,85.1,89.0,5087072,4031580
2023,IL,Illinois,Cook,17031,DIABETES,10.7,9.5,12.0,5087072,4031580
2023,IL,Illinois,Cook,17031,OBESITY,31.0,27.6,34.5,5087072,4031580
2023,IL,Illinois,Crawford,17033,ACCESS2,8.7,6.6,11.2,18300,14700
2023,IL,Illinois,Crawford,17033,BPHIGH,32.8,28.9,37.3,18300,14700
2023,IL,Illinois,Crawford,17033,CHECKUP,75.5,71.4,79.2,18300,14700
2023,IL,Illinois,Crawford,17033,CHOLSCREEN,84.0,81.4,86.5,18300,14700
2023,IL,Illinois,Crawford,17033,DIABETES,9.9,8.6,11.7,18300,14700
2023,IL,Illinois,Crawford,17033,OBESITY,40.0,31.8,48.9,18300,14700
2023,IL,Illinois,Cumberland,17035,ACCESS2,7.5,5.7,9.7,10261,7994
2023,IL,Illinois,Cumberland,17035,BPHIGH,30.9,26.8,35.2,10261,7994
2023,IL,Illinois,Cumberland,17035,CHECKUP,75.4,71.0,79.4,10261,7994
2023,IL,Illinois,Cumberland,17035,CHOLSCREEN,84.6,81.9,87.1,10261,7994
2023,IL,Illinois,Cumberland,17035,DIABETES,9.2,7.8,10.7,10261,7994
2023,IL,Illinois,Cumberland,17035,OBESITY,38.5,30.1,47.6,10261,7994
2023,IL,Illinois,DeKalb,17037,ACCESS2,9.5,7.6,11.7,100288,78892
2023,IL,Illinois,DeKalb,17037,BPHIGH,31.6,27.6,36.0,100288,78892
2023,IL,Illinois,DeKalb,17037,CHECKUP,75.9,71.7,79.7,100288,78892
2023,IL,Illinois,DeKalb,17037,CHOLSCREEN,85.1,82.6,87.3,100288,78892
2023,IL,Illinois,DeKalb,17037,DIABETES,10.6,9.0,12.4,100288,78892
2023,IL,Illinois,DeKalb,17037,OBESITY,37.1,29.5,45.6,100288,78892
2023,IL,Illinois,De Witt,17039,ACCESS2,8.2,6.2,10.4,15365,12070
2023,IL,Illinois,De Witt,17039,BPHIGH,31.2,27.2,35.5,15365,12070
2023,IL,Illinois,De Witt,17039,CHECKUP,75.3,70.9,79.3,15365,12070
2023,IL,Illinois,De Witt,17039,CHOLSCREEN,84.2,81.3,86.8,15365,12070
2023,IL,Illinois,De Witt,17039,DIABETES,9.6,8.1,11.1,15365,12070
2023,IL,Illinois,De Witt,17039,OBESITY,37.9,29.2,46.8,15365,12070
2023,IL,Illinois,Douglas,17041,ACCESS2,9.7,7.4,12.4,19629,14859
2023,IL,Illinois,Douglas,17041,BPHIGH,31.1,26.9,35.6,19629,14859
2023,IL,Illinois,Douglas,17041,CHECKUP,74.9,70.5,78.9,19629,14859
2023,IL,Illinois,Douglas,17041,CHOLSCREEN,83.9,80.8,86.4,19629,14859
2023,IL,Illinois,Douglas,17041,DIABETES,9.8,8.3,11.5,19629,14859
2023,IL,Illinois,Douglas,17041,OBESITY,38.8,30.2,47.8,19629,14859
2023,IL,Illinois,DuPage,17043,ACCESS2,7.6,6.0,9.4,921213,719635
2023,IL,Illinois,DuPage,17043,BPHIGH,27.1,23.9,30.5,921213,719635
2023,IL,Illinois,DuPage,17043,CHECKUP,76.5,73.0,79.9,921213,719635
2023,IL,Illinois,DuPage,17043,CHOLSCREEN,87.3,84.9,89.2,921213,719635
2023,IL,Illinois,DuPage,17043,DIABETES,8.5,7.2,10.0,921213,719635
2023,IL,Illinois,DuPage,17043,OBESITY,29.1,24.2,34.2,921213,719635
2023,IL,Illinois,Edgar,17045,ACCESS2,8.6,6.4,11.3,16334,13132
2023,IL,Illinois,Edgar,17045,BPHIGH,32.6,28.5,36.8,16334,13132
2023,IL,Illinois,Edgar,17045,CHECKUP,75.1,70.6,79.0,16334,13132
2023,IL,Illinois,Edgar,17045,CHOLSCREEN,83.3,80.3,86.0,16334,13132
2023,IL,Illinois,Edgar,17045,DIABETES,10.2,8.6,11.9,16334,13132
2023,IL,Illinois,Edgar,17045,OBESITY,37.5,28.7,46.2,16334,13132
2023,IL,Illinois,Edwards,17047,ACCESS2,8.9,6.8,11.6,5968,4705
2023,IL,Illinois,Edwards,17047,BPHIGH,32.9,28.3,37.5,5968,4705
2023,IL,Illinois,Edwards,17047,CHECKUP,75.0,70.2,79.1,5968,4705
2023,IL,Illinois,Edwards,17047,CHOLSCREEN,83.0,80.1,85.8,5968,4705
2023,IL,Illinois,Edwards,17047,DIABETES,10.7,9.0,12.5,5968,4705
2023,IL,Illinois,Edwards,17047,OBESITY,40.3,30.4,50.0,5968,4705
2023,IL,Illinois,Effingham,17049,ACCESS2,7.6,5.6,10.1,34331,26215
2023,IL,Illinois,Effingham,17049,BPHIGH,30.4,26.5,34.5,34331,26215
2023,IL,Illinois,Effingham,17049,CHECKUP,75.3,71.2,79.1,34331,26215
2023,IL,Illinois,Effingham,17049,CHOLSCREEN,84.5,81.8,87.1,34331,26215
2023,IL,Illinois,Effingham,17049,DIABETES,9.2,7.8,10.7,34331,26215
2023,IL,Illinois,Effingham,17049,OBESITY,34.2,26.3,42.5,34331,26215
2023,IL,Illinois,Fayette,17051,ACCESS2,10.1,7.8,12.6,21164,16988
2023,IL,Illinois,Fayette,17051,BPHIGH,34.0,29.9,38.4,21164,16988
2023,IL,Illinois,Fayette,17051,CHECKUP,74.9,70.6,78.9,21164,16988
2023,IL,Illinois,Fayette,17051,CHOLSCREEN,82.6,79.7,85.3,21164,16988
2023,IL,Illinois,Fayette,17051,DIABETES,11.0,9.3,12.7,21164,16988
2023,IL,Illinois,Fayette,17051,OBESITY,40.1,31.5,49.0,21164,16988
2023,IL,Illinois,Ford,17053,ACCESS2,8.9,6.8,11.3,13250,10197
2023,IL,Illinois,Ford,17053,BPHIGH,31.9,27.6,36.2,13250,10197
2023,IL,Illinois,Ford,17053,CHECKUP,75.3,70.7,79.2,13250,10197
2023,IL,Illinois,Ford,17053,CHOLSCREEN,83.8,80.8,86.3,13250,10197
2023,IL,Illinois,Ford,17053,DIABETES,10.0,8.5,11.7,13250,10197
2023,IL,Illinois,Ford,17053,OBESITY,37.8,29.1,46.6,13250,10197
2023,IL,Illinois,Franklin,17055,ACCESS2,9.2,7.0,12.0,37138,28958
2023,IL,Illinois,Franklin,17055,BPHIGH,32.7,28.3,37.3,37138,28958
2023,IL,Illinois,Franklin,17055,CHECKUP,75.6,71.2,79.6,37138,28958
2023,IL,Illinois,Franklin,17055,CHOLSCREEN,82.7,79.6,85.5,37138,28958
2023,IL,Illinois,Franklin,17055,DIABETES,10.9,9.2,12.8,37138,28958
2023,IL,Illinois,Franklin,17055,OBESITY,41.4,32.3,50.7,37138,28958
2023,IL,Illinois,Fulton,17057,ACCESS2,9.3,7.1,12.0,32541,26249
2023,IL,Illinois,Fulton,17057,BPHIGH,33.5,29.3,37.9,32541,26249
2023,IL,Illinois,Fulton,17057,CHECKUP,75.2,71.0,79.1,32541,26249
2023,IL,Illinois,Fulton,17057,CHOLSCREEN,83.2,80.4,85.9,32541,26249
2023,IL,Illinois,Fulton,17057,DIABETES,10.4,8.9,12.2,32541,26249
2023,IL,Illinois,Fulton,17057,OBESITY,39.8,31.4,48.7,32541,26249
2023,IL,Illinois,Gallatin,17059,ACCESS2,9.4,7.0,12.1,4670,3791
2023,IL,Illinois,Gallatin,17059,BPHIGH,32.7,28.4,37.1,4670,3791
2023,IL,Illinois,Gallatin,17059,CHECKUP,74.7,70.3,78.6,4670,3791
2023,IL,Illinois,Gallatin,17059,CHOLSCREEN,82.5,79.3,85.2,4670,3791
2023,IL,Illinois,Gallatin,17059,DIABETES,10.5,8.8,12.3,4670,3791
2023,IL,Illinois,Gallatin,17059,OBESITY,40.9,31.7,50.3,4670,3791
2023,IL,Illinois,Greene,17061,ACCESS2,8.7,6.4,11.4,11543,9100
2023,IL,Illinois,Greene,17061,BPHIGH,32.3,28.2,36.5,11543,9100
2023,IL,Illinois,Greene,17061,CHECKUP,74.7,70.4,78.7,11543,9100
2023,IL,Illinois,Greene,17061,CHOLSCREEN,82.9,80.0,85.9,11543,9100
2023,IL,Illinois,Greene,17061,DIABETES,10.2,8.7,11.9,11543,9100
2023,IL,Illinois,Greene,17061,OBESITY,39.9,31.0,49.0,11543,9100
2023,IL,Illinois,Grundy,17063,ACCESS2,8.6,6.8,10.8,53578,40665
2023,IL,Illinois,Grundy,17063,BPHIGH,29.6,25.8,33.8,53578,40665
2023,IL,Illinois,Grundy,17063,CHECKUP,75.8,71.4,79.7,53578,40665
2023,IL,Illinois,Grundy,17063,CHOLSCREEN,85.4,82.7,87.6,53578,40665
2023,IL,Illinois,Grundy,17063,DIABETES,9.1,7.7,10.6,53578,40665
2023,IL,Illinois,Grundy,17063,OBESITY,36.1,28.0,44.8,53578,40665
2023,IL,Illinois,Hamilton,17065,ACCESS2,8.8,6.5,11.7,7911,6144
2023,IL,Illinois,Hamilton,17065,BPHIGH,33.0,28.8,37.5,7911,6144
2023,IL,Illinois,Hamilton,17065,CHECKUP,75.2,70.8,79.2,7911,6144
2023,IL,Illinois,Hamilton,17065,CHOLSCREEN,83.0,80.1,85.9,7911,6144
2023,IL,Illinois,Hamilton,17065,DIABETES,10.7,9.1,12.6,7911,6144
2023,IL,Illinois,Hamilton,17065,OBESITY,40.1,31.1,49.6,7911,6144
2023,IL,Illinois,Hancock,17067,ACCESS2,7.9,6.0,10.3,17186,13505
2023,IL,Illinois,Hancock,17067,BPHIGH,31.5,27.4,35.8,17186,13505
2023,IL,Illinois,Hancock,17067,CHECKUP,75.4,71.0,79.3,17186,13505
2023,IL,Illinois,Hancock,17067,CHOLSCREEN,84.3,81.5,86.9,17186,13505
2023,IL,Illinois,Hancock,17067,DIABETES,9.7,8.2,11.4,17186,13505
2023,IL,Illinois,Hancock,17067,OBESITY,38.9,30.4,47.6,17186,13505
2023,IL,Illinois,Hardin,17069,ACCESS2,9.2,7.0,11.9,3569,2918
2023,IL,Illinois,Hardin,17069,BPHIGH,32.9,28.7,37.1,3569,2918
2023,IL,Illinois,Hardin,17069,CHECKUP,74.9,70.7,79.0,3569,2918
2023,IL,Illinois,Hardin,17069,CHOLSCREEN,83.0,80.1,85.7,3569,2918
2023,IL,Illinois,Hardin,17069,DIABETES,10.5,9.0,12.2,3569,2918
2023,IL,Illinois,Hardin,17069,OBESITY,39.6,30.9,49.0,3569,2918
2023,IL,Illinois,Henderson,17071,ACCESS2,8.3,6.4,10.7,6088,4976
2023,IL,Illinois,Henderson,17071,BPHIGH,31.8,27.6,36.0,6088,4976
2023,IL,Illinois,Henderson,17071,CHECKUP,75.2,71.1,79.4,6088,4976
2023,IL,Illinois,Henderson,17071,CHOLSCREEN,83.8,81.0,86.4,6088,4976
2023,IL,Illinois,Henderson,17071,DIABETES,9.8,8.3,11.5,6088,4976
2023,IL,Illinois,Henderson,17071,OBESITY,38.7,29.9,47.5,6088,4976
2023,IL,Illinois,Henry,17073,ACCESS2,8.4,6.5,10.8,48448,38043
2023,IL,Illinois,Henry,17073,BPHIGH,30.0,25.8,34.2,48448,38043
2023,IL,Illinois,Henry,17073,CHECKUP,75.0,70.3,79.1,48448,38043
2023,IL,Illinois,Henry,17073,CHOLSCREEN,84.9,82.3,87.5,48448,38043
2023,IL,Illinois,Henry,17073,DIABETES,9.2,7.8,10.9,48448,38043
2023,IL,Illinois,Henry,17073,OBESITY,36.8,28.3,45.6,48448,38043
2023,IL,Illinois,Iroquois,17075,ACCESS2,10.3,8.1,12.8,26136,20557
2023,IL,Illinois,Iroquois,17075,BPHIGH,32.8,28.7,37.1,26136,20557
2023,IL,Illinois,Iroquois,17075,CHECKUP,74.7,70.5,78.9,26136,20557
2023,IL,Illinois,Iroquois,17075,CHOLSCREEN,83.2,80.4,85.8,26136,20557
2023,IL,Illinois,Iroquois,17075,DIABETES,10.6,9.0,12.3,26136,20557
2023,IL,Illinois,Iroquois,17075,OBESITY,40.8,32.2,50.0,26136,20557
2023,IL,Illinois,Jackson,17077,ACCESS2,8.7,6.7,10.9,52141,42149
2023,IL,Illinois,Jackson,17077,BPHIGH,34.5,30.2,39.0,52141,42149
2023,IL,Illinois,Jackson,17077,CHECKUP,77.6,73.5,81.5,52141,42149
2023,IL,Illinois,Jackson,17077,CHOLSCREEN,84.2,81.6,86.7,52141,42149
2023,IL,Illinois,Jackson,17077,DIABETES,11.8,10.1,13.7,52141,42149
2023,IL,Illinois,Jackson,17077,OBESITY,42.8,34.2,51.9,52141,42149
2023,IL,Illinois,Jasper,17079,ACCESS2,7.4,5.5,9.7,9144,7080
2023,IL,Illinois,Jasper,17079,BPHIGH,30.2,26.2,34.4,9144,7080
2023,IL,Illinois,Jasper,17079,CHECKUP,75.2,70.7,79.2,9144,7080
2023,IL,Illinois,Jasper,17079,CHOLSCREEN,84.7,81.9,87.4,9144,7080
2023,IL,Illinois,Jasper,17079,DIABETES,9.1,7.7,10.7,9144,7080
2023,IL,Illinois,Jasper,17079,OBESITY,38.0,29.6,47.0,9144,7080
2023,IL,Illinois,Jefferson,17081,ACCESS2,8.8,6.9,11.2,36320,28241
2023,IL,Illinois,Jefferson,17081,BPHIGH,33.3,29.0,37.9,36320,28241
2023,IL,Illinois,Jefferson,17081,CHECKUP,75.4,71.3,79.5,36320,28241
2023,IL,Illinois,Jefferson,17081,CHOLSCREEN,83.7,81.0,86.3,36320,28241
2023,IL,Illinois,Jefferson,17081,DIABETES,10.6,9.0,12.4,36320,28241
2023,IL,Illinois,Jefferson,17081,OBESITY,39.8,31.1,49.1,36320,28241
2023,IL,Illinois,Jersey,17083,ACCESS2,7.4,5.6,9.6,21091,16934
2023,IL,Illinois,Jersey,17083,BPHIGH,30.5,26.4,34.9,21091,16934
2023,IL,Illinois,Jersey,17083,CHECKUP,75.5,71.0,79.5,21091,16934
2023,IL,Illinois,Jersey,17083,CHOLSCREEN,84.7,82.0,87.1,21091,16934
2023,IL,Illinois,Jersey,17083,DIABETES,9.2,7.7,10.8,21091,16934
2023,IL,Illinois,Jersey,17083,OBESITY,39.2,30.5,48.6,21091,16934
2023,IL,Illinois,Jo Daviess,17085,ACCESS2,7.5,5.6,9.7,21756,17877
2023,IL,Illinois,Jo Daviess,17085,BPHIGH,30.0,26.0,34.4,21756,17877
2023,IL,Illinois,Jo Daviess,17085,CHECKUP,75.3,71.2,79.3,21756,17877
2023,IL,Illinois,Jo Daviess,17085,CHOLSCREEN,85.0,82.3,87.6,21756,17877
2023,IL,Illinois,Jo Daviess,17085,DIABETES,9.0,7.5,10.5,21756,17877
2023,IL,Illinois,Jo Daviess,17085,OBESITY,36.4,28.2,45.4,21756,17877
2023,IL,Illinois,Johnson,17087,ACCESS2,10.7,8.3,13.6,13326,11121
2023,IL,Illinois,Johnson,17087,BPHIGH,35.0,30.5,39.3,13326,11121
2023,IL,Illinois,Johnson,17087,CHECKUP,75.3,71.0,79.2,13326,11121
2023,IL,Illinois,Johnson,17087,CHOLSCREEN,82.9,80.3,85.5,13326,11121
2023,IL,Illinois,Johnson,17087,DIABETES,11.3,9.6,13.1,13326,11121
2023,IL,Illinois,Johnson,17087,OBESITY,41.9,33.0,51.1,13326,11121
2023,IL,Illinois,Kane,17089,ACCESS2,12.1,9.4,15.4,514982,394457
2023,IL,Illinois,Kane,17089,BPHIGH,27.5,24.1,31.1,514982,394457
2023,IL,Illinois,Kane,17089,CHECKUP,74.4,70.6,78.3,514982,394457
2023,IL,Illinois,Kane,17089,CHOLSCREEN,85.7,83.3,87.9,514982,394457
2023,IL,Illinois,Kane,17089,DIABETES,10.1,8.5,11.6,514982,394457
2023,IL,Illinois,Kane,17089,OBESITY,34.9,29.1,41.0,514982,394457
2023,IL,Illinois,Kankakee,17091,ACCESS2,10.3,8.4,12.5,105940,82054
2023,IL,Illinois,Kankakee,17091,BPHIGH,34.2,30.2,38.6,105940,82054
2023,IL,Illinois,Kankakee,17091,CHECKUP,76.3,72.5,80.1,105940,82054
2023,IL,Illinois,Kankakee,17091,CHOLSCREEN,84.4,82.1,86.7,105940,82054
2023,IL,Illinois,Kankakee,17091,DIABETES,11.3,9.8,13.0,105940,82054
2023,IL,Illinois,Kankakee,17091,OBESITY,40.2,32.1,48.6,105940,82054
2023,IL,Illinois,Kendall,17093,ACCESS2,9.1,7.1,11.2,139976,102765
2023,IL,Illinois,Kendall,17093,BPHIGH,29.1,25.3,33.2,139976,102765
2023,IL,Illinois,Kendall,17093,CHECKUP,76.5,72.6,80.2,139976,102765
2023,IL,Illinois,Kendall,17093,CHOLSCREEN,87.0,84.8,89.0,139976,102765
2023,IL,Illinois,Kendall,17093,DIABETES,9.1,7.7,10.7,139976,102765
2023,IL,Illinois,Kendall,17093,OBESITY,39.0,31.4,46.9,139976,102765
2023,IL,Illinois,Knox,17095,ACCESS2,9.8,7.7,12.3,48411,38628
2023,IL,Illinois,Knox,17095,BPHIGH,33.2,29.0,37.4,48411,38628
2023,IL,Illinois,Knox,17095,CHECKUP,75.9,71.8,79.8,48411,38628
2023,IL,Illinois,Knox,17095,CHOLSCREEN,83.4,80.8,86.1,48411,38628
2023,IL,Illinois,Knox,17095,DIABETES,10.9,9.3,12.7,48411,38628
2023,IL,Illinois,Knox,17095,OBESITY,39.9,31.4,48.6,48411,38628
2023,IL,Illinois,Lake,17097,ACCESS2,9.7,7.6,12.2,708760,546551
2023,IL,Illinois,Lake,17097,BPHIGH,29.4,25.8,33.1,708760,546551
2023,IL,Illinois,Lake,17097,CHECKUP,75.1,71.2,78.9,708760,546551
2023,IL,Illinois,Lake,17097,CHOLSCREEN,87.0,84.9,89.1,708760,546551
2023,IL,Illinois,Lake,17097,DIABETES,9.8,8.2,11.5,708760,546551
2023,IL,Illinois,Lake,17097,OBESITY,32.9,27.4,38.7,708760,546551
2023,IL,Illinois,LaSalle,17099,ACCESS2,9.8,7.7,12.1,108309,85477
2023,IL,Illinois,LaSalle,17099,BPHIGH,31.2,27.1,35.5,108309,85477
2023,IL,Illinois,LaSalle,17099,CHECKUP,75.4,71.1,79.2,108309,85477
2023,IL,Illinois,LaSalle,17099,CHOLSCREEN,84.0,81.3,86.5,108309,85477
2023,IL,Illinois,LaSalle,17099,DIABETES,10.0,8.5,11.7,108309,85477
2023,IL,Illinois,LaSalle,17099,OBESITY,37.9,29.8,46.5,108309,85477
2023,IL,Illinois,Lawrence,17101,ACCESS2,10.9,8.4,13.7,14813,12103
2023,IL,Illinois,Lawrence,17101,BPHIGH,34.8,30.6,39.3,14813,12103
2023,IL,Illinois,Lawrence,17101,CHECKUP,75.0,70.8,78.9,14813,12103
2023,IL,Illinois,Lawrence,17101,CHOLSCREEN,82.6,79.8,85.2,14813,12103
2023,IL,Illinois,Lawrence,17101,DIABETES,11.2,9.5,13.0,14813,12103
2023,IL,Illinois,Lawrence,17101,OBESITY,41.0,32.5,50.2,14813,12103
2023,IL,Illinois,Lee,17103,ACCESS2,9.6,7.5,12.1,33654,27075
2023,IL,Illinois,Lee,17103,BPHIGH,32.2,27.9,36.6,33654,27075
2023,IL,Illinois,Lee,17103,CHECKUP,75.5,71.1,79.4,33654,27075
2023,IL,Illinois,Lee,17103,CHOLSCREEN,84.0,81.3,86.5,33654,27075
2023,IL,Illinois,Lee,17103,DIABETES,10.2,8.7,12.0,33654,27075
2023,IL,Illinois,Lee,17103,OBESITY,38.8,30.3,47.8,33654,27075
2023,IL,Illinois,Livingston,17105,ACCESS2,9.3,7.2,11.6,35320,27580
2023,IL,Illinois,Livingston,17105,BPHIGH,31.5,27.2,35.7,35320,27580
2023,IL,Illinois,Livingston,17105,CHECKUP,75.1,70.9,79.0,35320,27580
2023,IL,Illinois,Livingston,17105,CHOLSCREEN,83.8,81.2,86.4,35320,27580
2023,IL,Illinois,Livingston,17105,DIABETES,9.9,8.4,11.8,35320,27580
2023,IL,Illinois,Livingston,17105,OBESITY,36.0,27.6,44.9,35320,27580
2023,IL,Illinois,Logan,17107,ACCESS2,8.8,6.9,10.9,27590,22260
2023,IL,Illinois,Logan,17107,BPHIGH,31.8,27.7,36.2,27590,22260
2023,IL,Illinois,Logan,17107,CHECKUP,75.7,71.5,79.6,27590,22260
2023,IL,Illinois,Logan,17107,CHOLSCREEN,84.2,81.6,86.6,27590,22260
2023,IL,Illinois,Logan,17107,DIABETES,9.9,8.5,11.6,27590,22260
2023,IL,Illinois,Logan,17107,OBESITY,38.9,30.0,48.0,27590,22260
2023,IL,Illinois,McDonough,17109,ACCESS2,8.4,6.3,10.7,26839,21974
2023,IL,Illinois,McDonough,17109,BPHIGH,33.5,29.2,38.1,26839,21974
2023,IL,Illinois,McDonough,17109,CHECKUP,76.0,71.9,80.1,26839,21974
2023,IL,Illinois,McDonough,17109,CHOLSCREEN,84.0,81.4,86.5,26839,21974
2023,IL,Illinois,McDonough,17109,DIABETES,10.8,9.1,12.7,26839,21974
2023,IL,Illinois,McDonough,17109,OBESITY,39.2,30.7,48.5,26839,21974
2023,IL,Illinois,McHenry,17111,ACCESS2,8.4,6.6,10.6,312800,242583
2023,IL,Illinois,McHenry,17111,BPHIGH,29.7,25.9,33.6,312800,242583
2023,IL,Illinois,McHenry,17111,CHECKUP,75.2,71.0,78.9,312800,242583
2023,IL,Illinois,McHenry,17111,CHOLSCREEN,86.2,83.8,88.4,312800,242583
2023,IL,Illinois,McHenry,17111,DIABETES,8.8,7.4,10.2,312800,242583
2023,IL,Illinois,McHenry,17111,OBESITY,31.7,25.5,38.5,312800,242583
2023,IL,Illinois,McLean,17113,ACCESS2,7.1,5.5,9.0,170441,134722
2023,IL,Illinois,McLean,17113,BPHIGH,31.2,27.4,35.2,170441,134722
2023,IL,Illinois,McLean,17113,CHECKUP,77.0,72.8,80.6,170441,134722
2023,IL,Illinois,McLean,17113,CHOLSCREEN,86.1,83.5,88.3,170441,134722
2023,IL,Illinois,McLean,17113,DIABETES,9.5,8.1,11.1,170441,134722
2023,IL,Illinois,McLean,17113,OBESITY,36.0,28.7,43.4,170441,134722
2023,IL,Illinois,Macon,17115,ACCESS2,8.4,6.6,10.7,100591,77904
2023,IL,Illinois,Macon,17115,BPHIGH,33.7,29.4,37.9,100591,77904
2023,IL,Illinois,Macon,17115,CHECKUP,76.5,72.3,80.2,100591,77904
2023,IL,Illinois,Macon,17115,CHOLSCREEN,84.5,82.0,86.9,100591,77904
2023,IL,Illinois,Macon,17115,DIABETES,10.8,9.1,12.5,100591,77904
2023,IL,Illinois,Macon,17115,OBESITY,42.6,34.0,51.0,100591,77904
2023,IL,Illinois,Macoupin,17117,ACCESS2,8.3,6.3,10.7,44018,35091
2023,IL,Illinois,Macoupin,17117,BPHIGH,31.7,27.5,35.9,44018,35091
2023,IL,Illinois,Macoupin,17117,CHECKUP,75.2,70.8,79.3,44018,35091
2023,IL,Illinois,Macoupin,17117,CHOLSCREEN,83.7,81.0,86.3,44018,35091
2023,IL,Illinois,Macoupin,17117,DIABETES,9.9,8.3,11.6,44018,35091
2023,IL,Illinois,Macoupin,17117,OBESITY,36.8,28.4,45.4,44018,35091
2023,IL,Illinois,Madison,17119,ACCESS2,7.6,6.0,9.9,262752,207550
2023,IL,Illinois,Madison,17119,BPHIGH,31.5,27.9,35.6,262752,207550
2023,IL,Illinois,Madison,17119,CHECKUP,76.2,72.3,80.0,262752,207550
2023,IL,Illinois,Madison,17119,CHOLSCREEN,85.2,82.6,87.7,262752,207550
2023,IL,Illinois,Madison,17119,DIABETES,9.5,8.0,11.1,262752,207550
2023,IL,Illinois,Madison,17119,OBESITY,38.8,32.2,46.0,262752,207550
2023,IL,Illinois,Marion,17121,ACCESS2,8.8,6.8,11.3,36673,28035
2023,IL,Illinois,Marion,17121,BPHIGH,32.8,28.3,37.4,36673,28035
2023,IL,Illinois,Marion,17121,CHECKUP,75.5,70.9,79.7,36673,28035
2023,IL,Illinois,Marion,17121,CHOLSCREEN,83.2,80.3,86.0,36673,28035
2023,IL,Illinois,Marion,17121,DIABETES,10.6,8.9,12.4,36673,28035
2023,IL,Illinois,Marion,17121,OBESITY,39.5,30.3,48.9,36673,28035
2023,IL,Illinois,Marshall,17123,ACCESS2,8.7,6.5,11.1,11683,9285
2023,IL,Illinois,Marshall,17123,BPHIGH,31.3,26.9,35.6,11683,9285
2023,IL,Illinois,Marshall,17123,CHECKUP,75.2,70.7,79.1,11683,9285
2023,IL,Illinois,Marshall,17123,CHOLSCREEN,84.1,81.3,86.5,11683,9285
2023,IL,Illinois,Marshall,17123,DIABETES,9.7,8.1,11.3,11683,9285
2023,IL,Illinois,Marshall,17123,OBESITY,38.6,29.5,47.5,11683,9285
2023,IL,Illinois,Mason,17125,ACCESS2,8.3,6.2,10.7,12523,10018
2023,IL,Illinois,Mason,17125,BPHIGH,31.7,27.5,36.1,12523,10018
2023,IL,Illinois,Mason,17125,CHECKUP,75.2,71.0,79.1,12523,10018
2023,IL,Illinois,Mason,17125,CHOLSCREEN,83.6,80.8,86.2,12523,10018
2023,IL,Illinois,Mason,17125,DIABETES,10.0,8.4,11.7,12523,10018
2023,IL,Illinois,Mason,17125,OBESITY,37.2,28.7,46.4,12523,10018
2023,IL,Illinois,Massac,17127,ACCESS2,9.0,6.8,11.7,13661,10895
2023,IL,Illinois,Massac,17127,BPHIGH,32.7,28.7,37.1,13661,10895
2023,IL,Illinois,Massac,17127,CHECKUP,75.2,70.9,79.4,13661,10895
2023,IL,Illinois,Massac,17127,CHOLSCREEN,83.4,80.7,86.0,13661,10895
2023,IL,Illinois,Massac,17127,DIABETES,10.8,9.2,12.4,13661,10895
2023,IL,Illinois,Massac,17127,OBESITY,40.8,32.1,50.4,13661,10895
2023,IL,Illinois,Menard,17129,ACCESS2,7.2,5.5,9.3,11954,9394
2023,IL,Illinois,Menard,17129,BPHIGH,30.4,26.4,34.8,11954,9394
2023,IL,Illinois,Menard,17129,CHECKUP,75.6,71.4,79.6,11954,9394
2023,IL,Illinois,Menard,17129,CHOLSCREEN,84.9,82.1,87.5,11954,9394
2023,IL,Illinois,Menard,17129,DIABETES,9.0,7.6,10.6,11954,9394
2023,IL,Illinois,Menard,17129,OBESITY,37.4,28.7,46.8,11954,9394
2023,IL,Illinois,Mercer,17131,ACCESS2,8.4,6.4,10.8,15487,12237
2023,IL,Illinois,Mercer,17131,BPHIGH,31.0,26.8,35.3,15487,12237
2023,IL,Illinois,Mercer,17131,CHECKUP,75.2,70.8,78.9,15487,12237
2023,IL,Illinois,Mercer,17131,CHOLSCREEN,84.0,81.3,86.4,15487,12237
2023,IL,Illinois,Mercer,17131,DIABETES,9.6,8.1,11.2,15487,12237
2023,IL,Illinois,Mercer,17131,OBESITY,38.5,29.9,47.6,15487,12237
2023,IL,Illinois,Monroe,17133,ACCESS2,6.0,4.4,8.0,34957,27543
2023,IL,Illinois,Monroe,17133,BPHIGH,28.2,24.3,32.4,34957,27543
2023,IL,Illinois,Monroe,17133,CHECKUP,76.2,71.9,80.1,34957,27543
2023,IL,Illinois,Monroe,17133,CHOLSCREEN,86.7,83.9,88.9,34957,27543
2023,IL,Illinois,Monroe,17133,DIABETES,7.8,6.6,9.3,34957,27543
2023,IL,Illinois,Monroe,17133,OBESITY,34.9,26.7,44.0,34957,27543
2023,IL,Illinois,Montgomery,17135,ACCESS2,9.1,6.9,11.8,27663,22131
2023,IL,Illinois,Montgomery,17135,BPHIGH,32.0,27.8,36.7,27663,22131
2023,IL,Illinois,Montgomery,17135,CHECKUP,75.0,70.5,79.3,27663,22131
2023,IL,Illinois,Montgomery,17135,CHOLSCREEN,83.2,80.4,86.0,27663,22131
2023,IL,Illinois,Montgomery,17135,DIABETES,10.1,8.6,12.0,27663,22131
2023,IL,Illinois,Montgomery,17135,OBESITY,39.2,30.7,48.8,27663,22131
2023,IL,Illinois,Morgan,17137,ACCESS2,9.0,6.9,11.5,32140,25898
2023,IL,Illinois,Morgan,17137,BPHIGH,33.0,28.6,37.3,32140,25898
2023,IL,Illinois,Morgan,17137,CHECKUP,75.7,71.4,79.6,32140,25898
2023,IL,Illinois,Morgan,17137,CHOLSCREEN,83.7,80.8,86.5,32140,25898
2023,IL,Illinois,Morgan,17137,DIABETES,10.3,8.7,12.0,32140,25898
2023,IL,Illinois,Morgan,17137,OBESITY,40.3,31.5,49.4,32140,25898
2023,IL,Illinois,Moultrie,17139,ACCESS2,8.8,6.4,11.8,14342,10780
2023,IL,Illinois,Moultrie,17139,BPHIGH,31.2,26.9,35.6,14342,10780
2023,IL,Illinois,Moultrie,17139,CHECKUP,74.6,70.2,78.7,14342,10780
2023,IL,Illinois,Moultrie,17139,CHOLSCREEN,83.6,80.6,86.5,14342,10780
2023,IL,Illinois,Moultrie,17139,DIABETES,9.5,8.0,11.2,14342,10780
2023,IL,Illinois,Moultrie,17139,OBESITY,38.4,29.6,47.7,14342,10780
2023,IL,Illinois,Ogle,17141,ACCESS2,9.4,7.4,12.0,51265,39938
2023,IL,Illinois,Ogle,17141,BPHIGH,31.2,27.3,35.5,51265,39938
2023,IL,Illinois,Ogle,17141,CHECKUP,75.4,71.3,79.2,51265,39938
2023,IL,Illinois,Ogle,17141,CHOLSCREEN,84.6,82.0,87.0,51265,39938
2023,IL,Illinois,Ogle,17141,DIABETES,9.7,8.2,11.3,51265,39938
2023,IL,Illinois,Ogle,17141,OBESITY,40.9,32.7,50.0,51265,39938
2023,IL,Illinois,Peoria,17143,ACCESS2,8.1,6.5,10.2,177513,135266
2023,IL,Illinois,Peoria,17143,BPHIGH,33.3,29.3,37.4,177513,135266
2023,IL,Illinois,Peoria,17143,CHECKUP,76.6,72.6,80.5,177513,135266
2023,IL,Illinois,Peoria,17143,CHOLSCREEN,85.2,82.7,87.6,177513,135266
2023,IL,Illinois,Peoria,17143,DIABETES,10.9,9.3,12.6,177513,135266
2023,IL,Illinois,Peoria,17143,OBESITY,35.1,27.9,42.6,177513,135266
2023,IL,Illinois,Perry,17145,ACCESS2,10.6,8.5,13.0,20503,16597
2023,IL,Illinois,Perry,17145,BPHIGH,34.2,31.6,36.8,20503,16597
2023,IL,Illinois,Perry,17145,CHECKUP,75.2,72.4,77.8,20503,16597
2023,IL,Illinois,Perry,17145,CHOLSCREEN,82.6,80.4,84.6,20503,16597
2023,IL,Illinois,Perry,17145,DIABETES,11.2,9.9,12.4,20503,16597
2023,IL,Illinois,Perry,17145,OBESITY,41.1,36.5,45.7,20503,16597
2023,IL,Illinois,Piatt,17147,ACCESS2,6.6,4.9,8.6,16714,13082
2023,IL,Illinois,Piatt,17147,BPHIGH,29.2,25.3,33.5,16714,13082
2023,IL,Illinois,Piatt,17147,CHECKUP,75.7,71.6,79.8,16714,13082
2023,IL,Illinois,Piatt,17147,CHOLSCREEN,85.7,83.1,88.1,16714,13082
2023,IL,Illinois,Piatt,17147,DIABETES,8.4,7.1,10.0,16714,13082
2023,IL,Illinois,Piatt,17147,OBESITY,34.9,26.6,44.0,16714,13082
2023,IL,Illinois,Pike,17149,ACCESS2,9.0,6.7,11.6,14342,11015
2023,IL,Illinois,Pike,17149,BPHIGH,32.9,28.8,37.2,14342,11015
2023,IL,Illinois,Pike,17149,CHECKUP,75.2,70.7,79.3,14342,11015
2023,IL,Illinois,Pike,17149,CHOLSCREEN,82.9,80.0,85.7,14342,11015
2023,IL,Illinois,Pike,17149,DIABETES,10.4,8.8,12.1,14342,11015
2023,IL,Illinois,Pike,17149,OBESITY,40.7,32.0,49.7,14342,11015
2023,IL,Illinois,Pope,17151,ACCESS2,8.2,6.1,10.7,3707,3288
2023,IL,Illinois,Pope,17151,BPHIGH,31.5,27.5,35.8,3707,3288
2023,IL,Illinois,Pope,17151,CHECKUP,75.4,71.2,79.4,3707,3288
2023,IL,Illinois,Pope,17151,CHOLSCREEN,84.1,81.5,86.6,3707,3288
2023,IL,Illinois,Pope,17151,DIABETES,9.8,8.3,11.4,3707,3288
2023,IL,Illinois,Pope,17151,OBESITY,39.6,30.4,49.0,3707,3288
2023,IL,Illinois,Pulaski,17153,ACCESS2,11.7,9.5,14.1,4911,3909
2023,IL,Illinois,Pulaski,17153,BPHIGH,38.7,34.3,43.2,4911,3909
2023,IL,Illinois,Pulaski,17153,CHECKUP,76.8,72.7,80.6,4911,3909
2023,IL,Illinois,Pulaski,17153,CHOLSCREEN,82.1,79.3,84.5,4911,3909
2023,IL,Illinois,Pulaski,17153,DIABETES,14.5,12.5,16.6,4911,3909
2023,IL,Illinois,Pulaski,17153,OBESITY,45.7,36.4,55.2,4911,3909
2023,IL,Illinois,Putnam,17155,ACCESS2,8.0,6.1,10.4,5561,4497
2023,IL,Illinois,Putnam,17155,BPHIGH,29.6,25.5,33.8,5561,4497
2023,IL,Illinois,Putnam,17155,CHECKUP,75.3,71.0,79.4,5561,4497
2023,IL,Illinois,Putnam,17155,CHOLSCREEN,85.1,82.3,87.5,5561,4497
2023,IL,Illinois,Putnam,17155,DIABETES,8.9,7.5,10.5,5561,4497
2023,IL,Illinois,Putnam,17155,OBESITY,36.1,27.3,45.5,5561,4497
2023,IL,Illinois,Randolph,17157,ACCESS2,9.7,7.6,12.1,29815,23890
2023,IL,Illinois,Randolph,17157,BPHIGH,33.7,29.5,38.0,29815,23890
2023,IL,Illinois,Randolph,17157,CHECKUP,75.2,71.1,79.0,29815,23890
2023,IL,Illinois,Randolph,17157,CHOLSCREEN,83.3,80.6,85.8,29815,23890
2023,IL,Illinois,Randolph,17157,DIABETES,10.5,8.9,12.2,29815,23890
2023,IL,Illinois,Randolph,17157,OBESITY,39.1,30.6,47.7,29815,23890
2023,IL,Illinois,Richland,17159,ACCESS2,8.1,6.1,10.5,15488,12015
2023,IL,Illinois,Richland,17159,BPHIGH,31.4,27.1,35.9,15488,12015
2023,IL,Illinois,Richland,17159,CHECKUP,75.3,71.0,79.4,15488,12015
2023,IL,Illinois,Richland,17159,CHOLSCREEN,83.9,81.1,86.5,15488,12015
2023,IL,Illinois,Richland,17159,DIABETES,9.9,8.3,11.6,15488,12015
2023,IL,Illinois,Richland,17159,OBESITY,39.5,30.4,49.2,15488,12015
2023,IL,Illinois,Rock Island,17161,ACCESS2,10.4,8.4,12.7,141236,109684
2023,IL,Illinois,Rock Island,17161,BPHIGH,31.5,27.4,35.5,141236,109684
2023,IL,Illinois,Rock Island,17161,CHECKUP,75.7,71.6,79.6,141236,109684
2023,IL,Illinois,Rock Island,17161,CHOLSCREEN,84.6,82.2,87.0,141236,109684
2023,IL,Illinois,Rock Island,17161,DIABETES,10.8,9.2,12.5,141236,109684
2023,IL,Illinois,Rock Island,17161,OBESITY,40.1,32.3,48.0,141236,109684
2023,IL,Illinois,St. Clair,17163,ACCESS2,8.2,6.4,10.3,251018,194116
2023,IL,Illinois,St. Clair,17163,BPHIGH,35.1,30.9,39.3,251018,194116
2023,IL,Illinois,St. Clair,17163,CHECKUP,78.3,74.4,82.1,251018,194116
2023,IL,Illinois,St. Clair,17163,CHOLSCREEN,85.8,83.6,87.9,251018,194116
2023,IL,Illinois,St. Clair,17163,DIABETES,11.2,9.6,12.9,251018,194116
2023,IL,Illinois,St. Clair,17163,OBESITY,38.6,31.3,46.3,251018,194116
2023,IL,Illinois,Saline,17165,ACCESS2,8.8,6.5,11.5,22873,18163
2023,IL,Illinois,Saline,17165,BPHIGH,32.9,28.6,37.4,22873,18163
2023,IL,Illinois,Saline,17165,CHECKUP,75.5,71.3,79.6,22873,18163
2023,IL,Illinois,Saline,17165,CHOLSCREEN,83.3,80.5,86.0,22873,18163
2023,IL,Illinois,Saline,17165,DIABETES,10.6,8.9,12.3,22873,18163
2023,IL,Illinois,Saline,17165,OBESITY,40.1,31.1,49.7,22873,18163
2023,IL,Illinois,Sangamon,17167,ACCESS2,7.4,5.7,9.6,193491,151879
2023,IL,Illinois,Sangamon,17167,BPHIGH,32.2,28.1,36.4,193491,151879
2023,IL,Illinois,Sangamon,17167,CHECKUP,77.2,73.1,80.9,193491,151879
2023,IL,Illinois,Sangamon,17167,CHOLSCREEN,85.6,83.1,87.8,193491,151879
2023,IL,Illinois,Sangamon,17167,DIABETES,9.8,8.3,11.4,193491,151879
2023,IL,Illinois,Sangamon,17167,OBESITY,39.6,31.9,47.5,193491,151879
2023,IL,Illinois,Schuyler,17169,ACCESS2,9.3,7.2,11.9,6733,5549
2023,IL,Illinois,Schuyler,17169,BPHIGH,34.1,29.8,38.6,6733,5549
2023,IL,Illinois,Schuyler,17169,CHECKUP,75.4,71.0,79.1,6733,5549
2023,IL,Illinois,Schuyler,17169,CHOLSCREEN,83.1,80.3,85.5,6733,5549
2023,IL,Illinois,Schuyler,17169,DIABETES,11.0,9.3,12.9,6733,5549
2023,IL,Illinois,Schuyler,17169,OBESITY,40.2,31.3,49.4,6733,5549
2023,IL,Illinois,Scott,17171,ACCESS2,7.9,5.9,10.3,4710,3763
2023,IL,Illinois,Scott,17171,BPHIGH,30.7,26.6,34.7,4710,3763
2023,IL,Illinois,Scott,17171,CHECKUP,75.4,71.2,79.3,4710,3763
2023,IL,Illinois,Scott,17171,CHOLSCREEN,84.0,81.2,86.5,4710,3763
2023,IL,Illinois,Scott,17171,DIABETES,9.4,7.9,11.0,4710,3763
2023,IL,Illinois,Scott,17171,OBESITY,38.3,29.7,47.3,4710,3763
2023,IL,Illinois,Shelby,17173,ACCESS2,7.8,6.0,10.1,20568,16229
2023,IL,Illinois,Shelby,17173,BPHIGH,31.1,27.3,35.7,20568,16229
2023,IL,Illinois,Shelby,17173,CHECKUP,75.2,71.1,79.3,20568,16229
2023,IL,Illinois,Shelby,17173,CHOLSCREEN,84.1,81.3,86.7,20568,16229
2023,IL,Illinois,Shelby,17173,DIABETES,9.6,8.2,11.3,20568,16229
2023,IL,Illinois,Shelby,17173,OBESITY,37.6,29.8,47.7,20568,16229
2023,IL,Illinois,Stark,17175,ACCESS2,8.3,6.4,10.6,5218,4084
2023,IL,Illinois,Stark,17175,BPHIGH,31.5,27.2,35.9,5218,4084
2023,IL,Illinois,Stark,17175,CHECKUP,75.1,70.8,79.2,5218,4084
2023,IL,Illinois,Stark,17175,CHOLSCREEN,84.0,81.2,86.5,5218,4084
2023,IL,Illinois,Stark,17175,DIABETES,9.7,8.1,11.4,5218,4084
2023,IL,Illinois,Stark,17175,OBESITY,38.3,29.6,47.7,5218,4084
2023,IL,Illinois,Stephenson,17177,ACCESS2,8.8,7.1,11.0,43105,34127
2023,IL,Illinois,Stephenson,17177,BPHIGH,32.4,28.2,36.8,43105,34127
2023,IL,Illinois,Stephenson,17177,CHECKUP,76.2,72.2,80.0,43105,34127
2023,IL,Illinois,Stephenson,17177,CHOLSCREEN,84.6,82.0,86.8,43105,34127
2023,IL,Illinois,Stephenson,17177,DIABETES,10.4,8.8,12.1,43105,34127
2023,IL,Illinois,Stephenson,17177,OBESITY,41.0,32.2,49.9,43105,34127
2023,IL,Illinois,Tazewell,17179,ACCESS2,7.2,5.4,9.6,129541,101480
2023,IL,Illinois,Tazewell,17179,BPHIGH,30.3,26.3,34.3,129541,101480
2023,IL,Illinois,Tazewell,17179,CHECKUP,76.0,71.9,79.8,129541,101480
2023,IL,Illinois,Tazewell,17179,CHOLSCREEN,85.1,82.6,87.7,129541,101480
2023,IL,Illinois,Tazewell,17179,DIABETES,9.1,7.7,10.7,129541,101480
2023,IL,Illinois,Tazewell,17179,OBESITY,36.2,28.4,44.5,129541,101480
2023,IL,Illinois,Union,17181,ACCESS2,9.9,7.4,12.8,16667,13274
2023,IL,Illinois,Union,17181,BPHIGH,33.0,28.6,37.5,16667,13274
2023,IL,Illinois,Union,17181,CHECKUP,75.2,70.6,79.3,16667,13274
2023,IL,Illinois,Union,17181,CHOLSCREEN,82.9,79.8,85.6,16667,13274
2023,IL,Illinois,Union,17181,DIABETES,10.9,9.2,12.7,16667,13274
2023,IL,Illinois,Union,17181,OBESITY,39.8,30.5,49.2,16667,13274
2023,IL,Illinois,Vermilion,17183,ACCESS2,10.2,8.1,12.7,71652,54905
2023,IL,Illinois,Vermilion,17183,BPHIGH,36.7,32.6,41.1,71652,54905
2023,IL,Illinois,Vermilion,17183,CHECKUP,76.9,72.6,80.6,71652,54905
2023,IL,Illinois,Vermilion,17183,CHOLSCREEN,83.3,80.5,85.6,71652,54905
2023,IL,Illinois,Vermilion,17183,DIABETES,11.7,10.0,13.5,71652,54905
2023,IL,Illinois,Vermilion,17183,OBESITY,44.1,35.8,52.7,71652,54905
2023,IL,Illinois,Wabash,17185,ACCESS2,8.3,6.1,10.8,10942,8679
2023,IL,Illinois,Wabash,17185,BPHIGH,32.2,28.1,36.5,10942,8679
2023,IL,Illinois,Wabash,17185,CHECKUP,75.3,71.3,79.2,10942,8679
2023,IL,Illinois,Wabash,17185,CHOLSCREEN,83.5,80.7,85.8,10942,8679
2023,IL,Illinois,Wabash,17185,DIABETES,10.4,8.9,12.1,10942,8679
2023,IL,Illinois,Wabash,17185,OBESITY,40.2,31.7,49.4,10942,8679
2023,IL,Illinois,Warren,17187,ACCESS2,10.1,7.8,12.7,16185,12565
2023,IL,Illinois,Warren,17187,BPHIGH,31.6,27.4,36.0,16185,12565
2023,IL,Illinois,Warren,17187,CHECKUP,75.1,70.6,79.5,16185,12565
2023,IL,Illinois,Warren,17187,CHOLSCREEN,84.0,81.3,86.6,16185,12565
2023,IL,Illinois,Warren,17187,DIABETES,10.3,8.8,12.0,16185,12565
2023,IL,Illinois,Warren,17187,OBESITY,37.9,29.4,47.0,16185,12565
2023,IL,Illinois,Washington,17189,ACCESS2,7.2,5.3,9.6,13536,10805
2023,IL,Illinois,Washington,17189,BPHIGH,30.0,25.8,34.2,13536,10805
2023,IL,Illinois,Washington,17189,CHECKUP,75.5,71.0,79.4,13536,10805
2023,IL,Illinois,Washington,17189,CHOLSCREEN,84.9,82.1,87.3,13536,10805
2023,IL,Illinois,Washington,17189,DIABETES,9.0,7.5,10.6,13536,10805
2023,IL,Illinois,Washington,17189,OBESITY,36.7,28.0,45.5,13536,10805
2023,IL,Illinois,Wayne,17191,ACCESS2,9.0,6.7,11.7,15761,12269
2023,IL,Illinois,Wayne,17191,BPHIGH,32.8,28.6,37.3,15761,12269
2023,IL,Illinois,Wayne,17191,CHECKUP,75.1,70.7,79.4,15761,12269
2023,IL,Illinois,Wayne,17191,CHOLSCREEN,83.0,80.1,85.9,15761,12269
2023,IL,Illinois,Wayne,17191,DIABETES,10.5,9.0,12.3,15761,12269
2023,IL,Illinois,Wayne,17191,OBESITY,40.0,31.1,49.7,15761,12269
2023,IL,Illinois,White,17193,ACCESS2,9.5,7.0,12.7,13401,10554
2023,IL,Illinois,White,17193,BPHIGH,33.4,29.4,38.3,13401,10554
2023,IL,Illinois,White,17193,CHECKUP,75.2,70.8,79.4,13401,10554
2023,IL,Illinois,White,17193,CHOLSCREEN,82.3,79.2,85.3,13401,10554
2023,IL,Illinois,White,17193,DIABETES,11.1,9.4,13.1,13401,10554
2023,IL,Illinois,White,17193,OBESITY,39.3,31.0,49.3,13401,10554
2023,IL,Illinois,Whiteside,17195,ACCESS2,10.1,8.1,12.5,54498,42573
2023,IL,Illinois,Whiteside,17195,BPHIGH,30.8,26.6,35.2,54498,42573
2023,IL,Illinois,Whiteside,17195,CHECKUP,75.0,70.8,79.0,54498,42573
2023,IL,Illinois,Whiteside,17195,CHOLSCREEN,84.1,81.5,86.6,54498,42573
2023,IL,Illinois,Whiteside,17195,DIABETES,10.2,8.6,12.0,54498,42573
2023,IL,Illinois,Whiteside,17195,OBESITY,36.4,28.1,45.5,54498,42573
2023,IL,Illinois,Will,17197,ACCESS2,9.5,7.6,11.9,700728,537627
2023,IL,Illinois,Will,17197,BPHIGH,29.5,26.1,32.9,700728,537627
2023,IL,Illinois,Will,17197,CHECKUP,76.1,72.3,79.4,700728,537627
2023,IL,Illinois,Will,17197,CHOLSCREEN,86.5,84.3,88.6,700728,537627
2023,IL,Illinois,Will,17197,DIABETES,9.5,8.2,11.0,700728,537627
2023,IL,Illinois,Will,17197,OBESITY,37.7,32.0,43.5,700728,537627
2023,IL,Illinois,Williamson,17199,ACCESS2,7.9,5.9,10.3,66706,52683
2023,IL,Illinois,Williamson,17199,BPHIGH,32.0,28.0,36.3,66706,52683
2023,IL,Illinois,Williamson,17199,CHECKUP,75.6,71.5,79.3,66706,52683
2023,IL,Illinois,Williamson,17199,CHOLSCREEN,84.7,82.0,87.1,66706,52683
2023,IL,Illinois,Williamson,17199,DIABETES,10.0,8.5,11.8,66706,52683
2023,IL,Illinois,Williamson,17199,OBESITY,39.9,31.7,48.7,66706,52683
2023,IL,Illinois,Winnebago,17201,ACCESS2,11.2,9.1,13.9,280922,215494
2023,IL,Illinois,Winnebago,17201,BPHIGH,33.9,29.9,38.0,280922,215494
2023,IL,Illinois,Winnebago,17201,CHECKUP,76.7,72.9,80.4,280922,215494
2023,IL,Illinois,Winnebago,17201,CHOLSCREEN,84.3,81.8,86.6,280922,215494
2023,IL,Illinois,Winnebago,17201,DIABETES,11.7,10.1,13.6,280922,215494
2023,IL,Illinois,Winnebago,17201,OBESITY,42.2,35.1,49.7,280922,215494
2023,IL,Illinois,Woodford,17203,ACCESS2,6.5,4.9,8.6,38285,29234
2023,IL,Illinois,Woodford,17203,BPHIGH,29.6,25.7,33.7,38285,29234
2023,IL,Illinois,Woodford,17203,CHECKUP,76.0,71.7,79.8,38285,29234
2023,IL,Illinois,Woodford,17203,CHOLSCREEN,85.8,83.1,88.2,38285,29234
2023,IL,Illinois,Woodford,17203,DIABETES,8.6,7.2,10.0,38285,29234
2023,IL,Illinois,Woodford,17203,OBESITY,37.3,28.9,45.8,38285,29234
2023,MI,Michigan,Alcona,26001,ACCESS2,7.2,5.5,9.5,10489,9146
2023,MI,Michigan,Alcona,26001,BPHIGH,32.1,28.0,36.3,10489,9146
2023,MI,Michigan,Alcona,26001,CHECKUP,77.4,73.4,81.0,10489,9146
2023,MI,Michigan,Alcona,26001,CHOLSCREEN,84.3,81.6,86.8,10489,9146
2023,MI,Michigan,Alcona,26001,DIABETES,9.9,8.4,11.5,10489,9146
2023,MI,Michigan,Alcona,26001,OBESITY,39.1,30.3,47.7,10489,9146
2023,MI,Michigan,Alger,26003,ACCESS2,7.4,5.8,9.2,8757,7484
2023,MI,Michigan,Alger,26003,BPHIGH,33.2,28.9,37.5,8757,7484
2023,MI,Michigan,Alger,26003,CHECKUP,76.9,72.8,80.5,8757,7484
2023,MI,Michigan,Alger,26003,CHOLSCREEN,84.6,82.2,86.8,8757,7484
2023,MI,Michigan,Alger,26003,DIABETES,10.0,8.4,11.6,8757,7484
2023,MI,Michigan,Alger,26003,OBESITY,36.6,28.1,45.3,8757,7484
2023,MI,Michigan,Allegan,26005,ACCESS2,7.6,5.8,9.6,121939,93939
2023,MI,Michigan,Allegan,26005,BPHIGH,30.0,26.3,33.8,121939,93939
2023,MI,Michigan,Allegan,26005,CHECKUP,77.1,73.1,80.5,121939,93939
2023,MI,Michigan,Allegan,26005,CHOLSCREEN,85.1,82.5,87.4,121939,93939
2023,MI,Michigan,Allegan,26005,DIABETES,9.4,8.0,11.0,121939,93939
2023,MI,Michigan,Allegan,26005,OBESITY,35.3,28.5,42.1,121939,93939
2023,MI,Michigan,Alpena,26007,ACCESS2,7.5,5.7,9.8,28904,23463
2023,MI,Michigan,Alpena,26007,BPHIGH,33.4,29.5,37.5,28904,23463
2023,MI,Michigan,Alpena,26007,CHECKUP,77.5,73.5,81.2,28904,23463
2023,MI,Michigan,Alpena,26007,CHOLSCREEN,83.6,80.7,86.3,28904,23463
2023,MI,Michigan,Alpena,26007,DIABETES,10.5,8.9,12.0,28904,23463
2023,MI,Michigan,Alpena,26007,OBESITY,41.3,33.0,49.8,28904,23463
2023,MI,Michigan,Antrim,26009,ACCESS2,6.1,4.4,8.1,24409,20323
2023,MI,Michigan,Antrim,26009,BPHIGH,30.3,26.0,34.4,24409,20323
2023,MI,Michigan,Antrim,26009,CHECKUP,77.4,73.3,81.2,24409,20323
2023,MI,Michigan,Antrim,26009,CHOLSCREEN,85.7,83.0,88.1,24409,20323
2023,MI,Michigan,Antrim,26009,DIABETES,8.8,7.4,10.4,24409,20323
2023,MI,Michigan,Antrim,26009,OBESITY,36.4,27.5,45.7,24409,20323
2023,MI,Michigan,Arenac,26011,ACCESS2,7.9,6.0,10.3,15145,12334
2023,MI,Michigan,Arenac,26011,BPHIGH,33.0,29.1,37.1,15145,12334
2023,MI,Michigan,Arenac,26011,CHECKUP,76.6,72.6,80.4,15145,12334
2023,MI,Michigan,Arenac,26011,CHOLSCREEN,83.6,80.8,86.1,15145,12334
2023,MI,Michigan,Arenac,26011,DIABETES,10.3,8.9,12.0,15145,12334
2023,MI,Michigan,Arenac,26011,OBESITY,38.4,30.1,47.0,15145,12334
2023,MI,Michigan,Baraga,26013,ACCESS2,8.3,6.7,10.3,8310,6876
2023,MI,Michigan,Baraga,26013,BPHIGH,35.0,30.6,39.4,8310,6876
2023,MI,Michigan,Baraga,26013,CHECKUP,77.0,72.8,80.5,8310,6876
2023,MI,Michigan,Baraga,26013,CHOLSCREEN,83.5,81.2,85.9,8310,6876
2023,MI,Michigan,Baraga,26013,DIABETES,11.6,9.9,13.3,8310,6876
2023,MI,Michigan,Baraga,26013,OBESITY,40.7,31.8,49.6,8310,6876
2023,MI,Michigan,Barry,26015,ACCESS2,6.7,5.1,8.7,63808,50005
2023,MI,Michigan,Barry,26015,BPHIGH,29.8,26.1,33.4,63808,50005
2023,MI,Michigan,Barry,26015,CHECKUP,76.9,73.1,80.4,63808,50005
2023,MI,Michigan,Barry,26015,CHOLSCREEN,85.1,82.6,87.5,63808,50005
2023,MI,Michigan,Barry,26015,DIABETES,8.9,7.5,10.3,63808,50005
2023,MI,Michigan,Barry,26015,OBESITY,36.6,29.6,43.7,63808,50005
2023,MI,Michigan,Bay,26017,ACCESS2,7.7,6.0,10.0,102500,82758
2023,MI,Michigan,Bay,26017,BPHIGH,31.7,28.1,35.6,102500,82758
2023,MI,Michigan,Bay,26017,CHECKUP,76.9,73.1,80.4,102500,82758
2023,MI,Michigan,Bay,26017,CHOLSCREEN,84.7,82.3,87.0,102500,82758
2023,MI,Michigan,Bay,26017,DIABETES,9.9,8.4,11.5,102500,82758
2023,MI,Michigan,Bay,26017,OBESITY,37.9,31.3,45.2,102500,82758
2023,MI,Michigan,Benzie,26019,ACCESS2,6.2,4.6,8.1,18441,15317
2023,MI,Michigan,Benzie,26019,BPHIGH,30.3,26.5,34.3,18441,15317
2023,MI,Michigan,Benzie,26019,CHECKUP,77.4,73.8,80.9,18441,15317
2023,MI,Michigan,Benzie,26019,CHOLSCREEN,85.7,83.1,88.2,18441,15317
2023,MI,Michigan,Benzie,26019,DIABETES,8.9,7.5,10.4,18441,15317
2023,MI,Michigan,Benzie,26019,OBESITY,35.4,27.9,43.8,18441,15317
2023,MI,Michigan,Berrien,26021,ACCESS2,7.7,6.1,9.7,152261,120080
2023,MI,Michigan,Berrien,26021,BPHIGH,33.7,30.0,37.5,152261,120080
2023,MI,Michigan,Berrien,26021,CHECKUP,77.1,73.6,80.4,152261,120080
2023,MI,Michigan,Berrien,26021,CHOLSCREEN,85.1,82.9,87.3,152261,120080
2023,MI,Michigan,Berrien,26021,DIABETES,10.7,9.2,12.3,152261,120080
2023,MI,Michigan,Berrien,26021,OBESITY,38.9,32.7,45.8,152261,120080
2023,MI,Michigan,Branch,26023,ACCESS2,9.1,7.2,11.6,45215,34668
2023,MI,Michigan,Branch,26023,BPHIGH,34.3,30.4,38.6,45215,34668
2023,MI,Michigan,Branch,26023,CHECKUP,76.3,72.4,80.0,45215,34668
2023,MI,Michigan,Branch,26023,CHOLSCREEN,83.2,80.4,85.7,45215,34668
2023,MI,Michigan,Branch,26023,DIABETES,10.9,9.3,12.7,45215,34668
2023,MI,Michigan,Branch,26023,OBESITY,35.9,28.7,44.0,45215,34668
2023,MI,Michigan,Calhoun,26025,ACCESS2,8.0,6.3,10.0,133366,102982
2023,MI,Michigan,Calhoun,26025,BPHIGH,34.9,31.3,38.6,133366,102982
2023,MI,Michigan,Calhoun,26025,CHECKUP,77.9,74.3,81.1,133366,102982
2023,MI,Michigan,Calhoun,26025,CHOLSCREEN,84.6,82.2,86.8,133366,102982
2023,MI,Michigan,Calhoun,26025,DIABETES,11.2,9.7,12.9,133366,102982
2023,MI,Michigan,Calhoun,26025,OBESITY,42.5,36.0,49.3,133366,102982
2023,MI,Michigan,Cass,26027,ACCESS2,7.8,6.0,10.2,51642,41306
2023,MI,Michigan,Cass,26027,BPHIGH,32.3,28.4,36.3,51642,41306
2023,MI,Michigan,Cass,26027,CHECKUP,77.0,73.1,80.6,51642,41306
2023,MI,Michigan,Cass,26027,CHOLSCREEN,84.6,82.0,87.1,51642,41306
2023,MI,Michigan,Cass,26027,DIABETES,10.0,8.5,11.5,51642,41306
2023,MI,Michigan,Cass,26027,OBESITY,36.1,28.6,44.1,51642,41306
2023,MI,Michigan,Charlevoix,26029,ACCESS2,5.9,4.4,7.9,26159,21621
2023,MI,Michigan,Charlevoix,26029,BPHIGH,29.8,26.1,33.7,26159,21621
2023,MI,Michigan,Charlevoix,26029,CHECKUP,77.5,73.8,81.0,26159,21621
2023,MI,Michigan,Charlevoix,26029,CHOLSCREEN,86.1,83.6,88.4,26159,21621
2023,MI,Michigan,Charlevoix,26029,DIABETES,8.6,7.3,10.1,26159,21621
2023,MI,Michigan,Charlevoix,26029,OBESITY,35.0,27.7,42.9,26159,21621
2023,MI,Michigan,Cheboygan,26031,ACCESS2,7.5,5.6,9.7,26048,22070
2023,MI,Michigan,Cheboygan,26031,BPHIGH,32.7,28.8,37.1,26048,22070
2023,MI,Michigan,Cheboygan,26031,CHECKUP,77.4,73.6,80.9,26048,22070
2023,MI,Michigan,Cheboygan,26031,CHOLSCREEN,84.1,81.4,86.6,26048,22070
2023,MI,Michigan,Cheboygan,26031,DIABETES,10.2,8.7,11.9,26048,22070
2023,MI,Michigan,Cheboygan,26031,OBESITY,41.0,33.3,50.0,26048,22070
2023,MI,Michigan,Chippewa,26033,ACCESS2,7.7,6.2,9.6,36264,29773
2023,MI,Michigan,Chippewa,26033,BPHIGH,35.6,31.8,39.9,36264,29773
2023,MI,Michigan,Chippewa,26033,CHECKUP,77.9,74.1,81.3,36264,29773
2023,MI,Michigan,Chippewa,26033,CHOLSCREEN,84.2,81.9,86.5,36264,29773
2023,MI,Michigan,Chippewa,26033,DIABETES,11.2,9.7,12.9,36264,29773
2023,MI,Michigan,Chippewa,26033,OBESITY,36.4,29.1,44.4,36264,29773
2023,MI,Michigan,Clare,26035,ACCESS2,8.6,6.5,11.2,31316,25226
2023,MI,Michigan,Clare,26035,BPHIGH,35.4,31.0,39.7,31316,25226
2023,MI,Michigan,Clare,26035,CHECKUP,77.2,73.0,81.1,31316,25226
2023,MI,Michigan,Clare,26035,CHOLSCREEN,82.6,79.8,85.4,31316,25226
2023,MI,Michigan,Clare,26035,DIABETES,11.1,9.4,12.7,31316,25226
2023,MI,Michigan,Clare,26035,OBESITY,40.1,31.8,48.8,31316,25226
2023,MI,Michigan,Clinton,26037,ACCESS2,6.1,4.6,7.8,79720,62943
2023,MI,Michigan,Clinton,26037,BPHIGH,29.3,25.5,33.2,79720,62943
2023,MI,Michigan,Clinton,26037,CHECKUP,78.5,74.7,81.9,79720,62943
2023,MI,Michigan,Clinton,26037,CHOLSCREEN,86.4,84.1,88.5,79720,62943
2023,MI,Michigan,Clinton,26037,DIABETES,8.6,7.3,10.1,79720,62943
2023,MI,Michigan,Clinton,26037,OBESITY,35.0,27.8,42.6,79720,62943
2023,MI,Michigan,Crawford,26039,ACCESS2,7.5,5.7,9.9,13538,11172
2023,MI,Michigan,Crawford,26039,BPHIGH,32.5,28.6,36.9,13538,11172
2023,MI,Michigan,Crawford,26039,CHECKUP,77.4,73.6,81.0,13538,11172
2023,MI,Michigan,Crawford,26039,CHOLSCREEN,83.8,81.0,86.3,13538,11172
2023,MI,Michigan,Crawford,26039,DIABETES,10.4,8.8,12.1,13538,11172
2023,MI,Michigan,Crawford,26039,OBESITY,37.1,29.2,45.9,13538,11172
2023,MI,Michigan,Delta,26041,ACCESS2,7.3,5.6,9.6,36790,29801
2023,MI,Michigan,Delta,26041,BPHIGH,31.6,27.5,35.8,36790,29801
2023,MI,Michigan,Delta,26041,CHECKUP,76.7,72.8,80.3,36790,29801
2023,MI,Michigan,Delta,26041,CHOLSCREEN,84.2,81.5,86.6,36790,29801
2023,MI,Michigan,Delta,26041,DIABETES,10.0,8.4,11.6,36790,29801
2023,MI,Michigan,Delta,26041,OBESITY,40.0,31.9,48.6,36790,29801
2023,MI,Michigan,Dickinson,26043,ACCESS2,6.3,4.9,8.2,25982,20842
2023,MI,Michigan,Dickinson,26043,BPHIGH,31.5,27.4,35.4,25982,20842
2023,MI,Michigan,Dickinson,26043,CHECKUP,77.7,74.0,81.3,25982,20842
2023,MI,Michigan,Dickinson,26043,CHOLSCREEN,85.2,82.6,87.4,25982,20842
2023,MI,Michigan,Dickinson,26043,DIABETES,9.3,8.0,10.8,25982,20842
2023,MI,Michigan,Dickinson,26043,OBESITY,38.1,30.2,46.2,25982,20842
2023,MI,Michigan,Eaton,26045,ACCESS2,6.6,5.1,8.4,108820,86607
2023,MI,Michigan,Eaton,26045,BPHIGH,31.0,27.4,34.7,108820,86607
2023,MI,Michigan,Eaton,26045,CHECKUP,78.4,74.9,81.7,108820,86607
2023,MI,Michigan,Eaton,26045,CHOLSCREEN,86.1,83.8,88.2,108820,86607
2023,MI,Michigan,Eaton,26045,DIABETES,9.3,8.0,10.8,108820,86607
2023,MI,Michigan,Eaton,26045,OBESITY,38.8,32.1,45.7,108820,86607
2023,MI,Michigan,Emmet,26047,ACCESS2,5.6,4.2,7.6,34123,28041
2023,MI,Michigan,Emmet,26047,BPHIGH,30.1,26.4,34.0,34123,28041
2023,MI,Michigan,Emmet,26047,CHECKUP,77.9,74.2,81.5,34123,28041
2023,MI,Michigan,Emmet,26047,CHOLSCREEN,86.4,83.9,88.7,34123,28041
2023,MI,Michigan,Emmet,26047,DIABETES,8.5,7.2,9.8,34123,28041
2023,MI,Michigan,Emmet,26047,OBESITY,32.7,25.8,40.4,34123,28041
2023,MI,Michigan,Genesee,26049,ACCESS2,7.6,6.1,9.6,401522,313303
2023,MI,Michigan,Genesee,26049,BPHIGH,34.4,31.2,37.3,401522,313303
2023,MI,Michigan,Genesee,26049,CHECKUP,78.1,74.9,80.8,401522,313303
2023,MI,Michigan,Genesee,26049,CHOLSCREEN,84.9,82.7,87.0,401522,313303
2023,MI,Michigan,Genesee,26049,DIABETES,11.0,9.6,12.4,401522,313303
2023,MI,Michigan,Genesee,26049,OBESITY,40.6,35.7,45.0,401522,313303
2023,MI,Michigan,Gladwin,26051,ACCESS2,7.9,5.9,10.3,25853,20920
2023,MI,Michigan,Gladwin,26051,BPHIGH,33.4,29.5,37.5,25853,20920
2023,MI,Michigan,Gladwin,26051,CHECKUP,77.2,73.4,80.9,25853,20920
2023,MI,Michigan,Gladwin,26051,CHOLSCREEN,83.4,80.7,86.2,25853,20920
2023,MI,Michigan,Gladwin,26051,DIABETES,10.4,8.8,12.0,25853,20920
2023,MI,Michigan,Gladwin,26051,OBESITY,40.3,32.5,48.5,25853,20920
2023,MI,Michigan,Gogebic,26053,ACCESS2,7.1,5.5,9.0,14224,11925
2023,MI,Michigan,Gogebic,26053,BPHIGH,33.4,29.4,37.5,14224,11925
2023,MI,Michigan,Gogebic,26053,CHECKUP,77.7,73.9,81.2,14224,11925
2023,MI,Michigan,Gogebic,26053,CHOLSCREEN,84.3,81.9,86.6,14224,11925
2023,MI,Michigan,Gogebic,26053,DIABETES,10.5,9.0,12.2,14224,11925
2023,MI,Michigan,Gogebic,26053,OBESITY,37.1,29.1,45.8,14224,11925
2023,MI,Michigan,Grand Traverse,26055,ACCESS2,5.7,4.3,7.7,96421,77995
2023,MI,Michigan,Grand Traverse,26055,BPHIGH,29.4,25.8,32.8,96421,77995
2023,MI,Michigan,Grand Traverse,26055,CHECKUP,77.8,74.2,81.1,96421,77995
2023,MI,Michigan,Grand Traverse,26055,CHOLSCREEN,86.2,83.7,88.5,96421,77995
2023,MI,Michigan,Grand Traverse,26055,DIABETES,8.4,7.1,9.8,96421,77995
2023,MI,Michigan,Grand Traverse,26055,OBESITY,35.3,28.5,41.9,96421,77995
2023,MI,Michigan,Gratiot,26057,ACCESS2,8.5,6.7,10.7,41368,33395
2023,MI,Michigan,Gratiot,26057,BPHIGH,33.5,29.6,37.7,41368,33395
2023,MI,Michigan,Gratiot,26057,CHECKUP,77.1,73.2,80.7,41368,33395
2023,MI,Michigan,Gratiot,26057,CHOLSCREEN,83.9,81.6,86.3,41368,33395
2023,MI,Michigan,Gratiot,26057,DIABETES,10.5,9.0,12.2,41368,33395
2023,MI,Michigan,Gratiot,26057,OBESITY,37.5,30.0,45.3,41368,33395
2023,MI,Michigan,Hillsdale,26059,ACCESS2,7.9,5.9,10.3,45587,35783
2023,MI,Michigan,Hillsdale,26059,BPHIGH,34.4,30.6,38.3,45587,35783
2023,MI,Michigan,Hillsdale,26059,CHECKUP,77.0,73.3,80.4,45587,35783
2023,MI,Michigan,Hillsdale,26059,CHOLSCREEN,83.4,80.6,86.0,45587,35783
2023,MI,Michigan,Hillsdale,26059,DIABETES,10.6,9.1,12.1,45587,35783
2023,MI,Michigan,Hillsdale,26059,OBESITY,37.8,31.0,45.0,45587,35783
2023,MI,Michigan,Houghton,26061,ACCESS2,6.5,4.8,8.6,37599,30241
2023,MI,Michigan,Houghton,26061,BPHIGH,31.5,27.5,35.4,37599,30241
2023,MI,Michigan,Houghton,26061,CHECKUP,77.4,73.6,80.8,37599,30241
2023,MI,Michigan,Houghton,26061,CHOLSCREEN,84.6,82.0,86.9,37599,30241
2023,MI,Michigan,Houghton,26061,DIABETES,9.8,8.3,11.4,37599,30241
2023,MI,Michigan,Houghton,26061,OBESITY,36.9,29.1,44.6,37599,30241
2023,MI,Michigan,Huron,26063,ACCESS2,7.7,5.8,9.8,30927,25092
2023,MI,Michigan,Huron,26063,BPHIGH,32.4,28.3,36.6,30927,25092
2023,MI,Michigan,Huron,26063,CHECKUP,76.7,72.7,80.4,30927,25092
2023,MI,Michigan,Huron,26063,CHOLSCREEN,83.8,81.3,86.5,30927,25092
2023,MI,Michigan,Huron,26063,DIABETES,10.1,8.6,11.8,30927,25092
2023,MI,Michigan,Huron,26063,OBESITY,38.8,30.2,47.5,30927,25092
2023,MI,Michigan,Ingham,26065,ACCESS2,7.1,5.7,8.8,284637,229779
2023,MI,Michigan,Ingham,26065,BPHIGH,33.5,30.3,36.9,284637,229779
2023,MI,Michigan,Ingham,26065,CHECKUP,78.6,75.3,81.6,284637,229779
2023,MI,Michigan,Ingham,26065,CHOLSCREEN,86.0,83.8,88.1,284637,229779
2023,MI,Michigan,Ingham,26065,DIABETES,10.6,9.2,12.1,284637,229779
2023,MI,Michigan,Ingham,26065,OBESITY,36.6,31.6,41.9,284637,229779
2023,MI,Michigan,Ionia,26067,ACCESS2,7.9,6.2,10.1,66262,52509
2023,MI,Michigan,Ionia,26067,BPHIGH,33.4,29.6,37.3,66262,52509
2023,MI,Michigan,Ionia,26067,CHECKUP,77.1,73.3,80.7,66262,52509
2023,MI,Michigan,Ionia,26067,CHOLSCREEN,84.5,81.8,86.8,66262,52509
2023,MI,Michigan,Ionia,26067,DIABETES,9.9,8.5,11.5,66262,52509
2023,MI,Michigan,Ionia,26067,OBESITY,40.1,32.7,47.6,66262,52509
2023,MI,Michigan,Iosco,26069,ACCESS2,8.6,6.5,11.1,25373,21051
2023,MI,Michigan,Iosco,26069,BPHIGH,34.3,30.2,38.4,25373,21051
2023,MI,Michigan,Iosco,26069,CHECKUP,76.8,72.9,80.6,25373,21051
2023,MI,Michigan,Iosco,26069,CHOLSCREEN,83.0,80.3,85.7,25373,21051
2023,MI,Michigan,Iosco,26069,DIABETES,10.7,9.1,12.4,25373,21051
2023,MI,Michigan,Iosco,26069,OBESITY,38.8,30.8,47.0,25373,21051
2023,MI,Michigan,Iron,26071,ACCESS2,7.5,5.8,9.7,11740,9748
2023,MI,Michigan,Iron,26071,BPHIGH,33.3,29.2,37.7,11740,9748
2023,MI,Michigan,Iron,26071,CHECKUP,76.5,72.5,80.3,11740,9748
2023,MI,Michigan,Iron,26071,CHOLSCREEN,83.9,81.3,86.5,11740,9748
2023,MI,Michigan,Iron,26071,DIABETES,10.2,8.6,11.8,11740,9748
2023,MI,Michigan,Iron,26071,OBESITY,39.2,31.0,48.1,11740,9748
2023,MI,Michigan,Isabella,26073,ACCESS2,7.9,6.2,10.0,64118,52691
2023,MI,Michigan,Isabella,26073,BPHIGH,35.5,31.5,39.6,64118,52691
2023,MI,Michigan,Isabella,26073,CHECKUP,78.4,74.7,81.7,64118,52691
2023,MI,Michigan,Isabella,26073,CHOLSCREEN,83.7,81.1,86.1,64118,52691
2023,MI,Michigan,Isabella,26073,DIABETES,11.6,9.9,13.4,64118,52691
2023,MI,Michigan,Isabella,26073,OBESITY,43.1,35.6,50.8,64118,52691
2023,MI,Michigan,Jackson,26075,ACCESS2,7.5,5.9,9.6,159424,126422
2023,MI,Michigan,Jackson,26075,BPHIGH,34.4,31.0,37.9,159424,126422
2023,MI,Michigan,Jackson,26075,CHECKUP,76.1,72.6,79.6,159424,126422
2023,MI,Michigan,Jackson,26075,CHOLSCREEN,84.7,82.3,87.0,159424,126422
2023,MI,Michigan,Jackson,26075,DIABETES,10.4,9.0,11.9,159424,126422
2023,MI,Michigan,Jackson,26075,OBESITY,39.3,33.6,45.1,159424,126422
2023,MI,Michigan,Kalamazoo,26077,ACCESS2,6.5,5.1,8.4,262215,206827
2023,MI,Michigan,Kalamazoo,26077,BPHIGH,30.9,28.0,33.7,262215,206827
2023,MI,Michigan,Kalamazoo,26077,CHECKUP,78.5,75.5,81.3,262215,206827
2023,MI,Michigan,Kalamazoo,26077,CHOLSCREEN,86.4,84.3,88.5,262215,206827
2023,MI,Michigan,Kalamazoo,26077,DIABETES,9.4,8.1,10.7,262215,206827
2023,MI,Michigan,Kalamazoo,26077,OBESITY,38.9,34.4,43.4,262215,206827
2023,MI,Michigan,Kalkaska,26079,ACCESS2,7.7,5.8,10.1,18490,14833
2023,MI,Michigan,Kalkaska,26079,BPHIGH,33.4,29.6,37.7,18490,14833
2023,MI,Michigan,Kalkaska,26079,CHECKUP,76.9,73.1,80.6,18490,14833
2023,MI,Michigan,Kalkaska,26079,CHOLSCREEN,83.6,80.9,86.2,18490,14833
2023,MI,Michigan,Kalkaska,26079,DIABETES,10.3,8.9,12.0,18490,14833
2023,MI,Michigan,Kalkaska,26079,OBESITY,38.2,30.3,47.0,18490,14833
2023,MI,Michigan,Kent,26081,ACCESS2,7.4,5.8,9.5,661354,507844
2023,MI,Michigan,Kent,26081,BPHIGH,30.8,27.9,33.9,661354,507844
2023,MI,Michigan,Kent,26081,CHECKUP,78.4,75.2,81.4,661354,507844
2023,MI,Michigan,Kent,26081,CHOLSCREEN,86.3,84.0,88.4,661354,507844
2023,MI,Michigan,Kent,26081,DIABETES,9.6,8.3,11.0,661354,507844
2023,MI,Michigan,Kent,26081,OBESITY,34.9,30.4,39.8,661354,507844
2023,MI,Michigan,Keweenaw,26083,ACCESS2,5.2,3.8,6.9,2172,1839
2023,MI,Michigan,Keweenaw,26083,BPHIGH,30.1,26.2,34.1,2172,1839
2023,MI,Michigan,Keweenaw,26083,CHECKUP,77.7,74.1,81.3,2172,1839
2023,MI,Michigan,Keweenaw,26083,CHOLSCREEN,86.5,83.9,88.7,2172,1839
2023,MI,Michigan,Keweenaw,26083,DIABETES,8.5,7.2,10.0,2172,1839
2023,MI,Michigan,Keweenaw,26083,OBESITY,34.3,26.3,43.0,2172,1839
2023,MI,Michigan,Lake,26085,ACCESS2,11.9,9.5,14.6,12734,10887
2023,MI,Michigan,Lake,26085,BPHIGH,36.7,32.4,40.8,12734,10887
2023,MI,Michigan,Lake,26085,CHECKUP,76.7,72.7,80.5,12734,10887
2023,MI,Michigan,Lake,26085,CHOLSCREEN,81.9,79.3,84.4,12734,10887
2023,MI,Michigan,Lake,26085,DIABETES,12.5,10.7,14.3,12734,10887
2023,MI,Michigan,Lake,26085,OBESITY,40.3,31.7,48.7,12734,10887
2023,MI,Michigan,Lapeer,26087,ACCESS2,7.6,5.8,9.7,88977,71497
2023,MI,Michigan,Lapeer,26087,BPHIGH,31.3,27.3,35.5,88977,71497
2023,MI,Michigan,Lapeer,26087,CHECKUP,76.6,72.5,80.3,88977,71497
2023,MI,Michigan,Lapeer,26087,CHOLSCREEN,84.5,81.9,86.9,88977,71497
2023,MI,Michigan,Lapeer,26087,DIABETES,9.3,7.9,10.9,88977,71497
2023,MI,Michigan,Lapeer,26087,OBESITY,35.0,27.2,43.5,88977,71497
2023,MI,Michigan,Leelanau,26089,ACCESS2,5.3,4.0,7.1,23019,19453
2023,MI,Michigan,Leelanau,26089,BPHIGH,28.1,24.2,32.4,23019,19453
2023,MI,Michigan,Leelanau,26089,CHECKUP,78.1,74.4,81.6,23019,19453
2023,MI,Michigan,Leelanau,26089,CHOLSCREEN,87.3,85.0,89.3,23019,19453
2023,MI,Michigan,Leelanau,26089,DIABETES,7.9,6.6,9.3,23019,19453
2023,MI,Michigan,Leelanau,26089,OBESITY,31.9,24.4,40.5,23019,19453
2023,MI,Michigan,Lenawee,26091,ACCESS2,8.1,6.4,10.0,97520,77713
2023,MI,Michigan,Lenawee,26091,BPHIGH,32.3,28.5,36.3,97520,77713
2023,MI,Michigan,Lenawee,26091,CHECKUP,75.8,72.1,79.3,97520,77713
2023,MI,Michigan,Lenawee,26091,CHOLSCREEN,84.4,81.9,86.8,97520,77713
2023,MI,Michigan,Lenawee,26091,DIABETES,10.0,8.5,11.7,97520,77713
2023,MI,Michigan,Lenawee,26091,OBESITY,40.8,33.9,48.1,97520,77713
2023,MI,Michigan,Livingston,26093,ACCESS2,5.1,3.7,6.7,196757,157470
2023,MI,Michigan,Livingston,26093,BPHIGH,26.9,24.2,29.6,196757,157470
2023,MI,Michigan,Livingston,26093,CHECKUP,78.0,75.0,80.9,196757,157470
2023,MI,Michigan,Livingston,26093,CHOLSCREEN,87.0,84.7,89.2,196757,157470
2023,MI,Michigan,Livingston,26093,DIABETES,7.6,6.5,8.8,196757,157470
2023,MI,Michigan,Livingston,26093,OBESITY,31.9,27.8,36.2,196757,157470
2023,MI,Michigan,Luce,26095,ACCESS2,8.4,6.7,10.4,6435,5396
2023,MI,Michigan,Luce,26095,BPHIGH,36.5,32.0,41.1,6435,5396
2023,MI,Michigan,Luce,26095,CHECKUP,77.5,73.2,80.9,6435,5396
2023,MI,Michigan,Luce,26095,CHOLSCREEN,83.6,81.1,85.8,6435,5396
2023,MI,Michigan,Luce,26095,DIABETES,11.6,9.9,13.4,6435,5396
2023,MI,Michigan,Luce,26095,OBESITY,41.3,32.2,50.5,6435,5396
2023,MI,Michigan,Mackinac,26097,ACCESS2,8.1,6.5,10.0,10851,9233
2023,MI,Michigan,Mackinac,26097,BPHIGH,33.1,28.8,37.2,10851,9233
2023,MI,Michigan,Mackinac,26097,CHECKUP,77.7,73.6,81.1,10851,9233
2023,MI,Michigan,Mackinac,26097,CHOLSCREEN,83.9,81.3,86.0,10851,9233
2023,MI,Michigan,Mackinac,26097,DIABETES,11.5,9.9,13.2,10851,9233
2023,MI,Michigan,Mackinac,26097,OBESITY,41.3,32.6,49.7,10851,9233
2023,MI,Michigan,Macomb,26099,ACCESS2,6.8,5.3,8.6,875101,695938
2023,MI,Michigan,Macomb,26099,BPHIGH,33.5,30.1,36.7,875101,695938
2023,MI,Michigan,Macomb,26099,CHECKUP,79.7,76.6,82.5,875101,695938
2023,MI,Michigan,Macomb,26099,CHOLSCREEN,86.1,83.9,88.1,875101,695938
2023,MI,Michigan,Macomb,26099,DIABETES,9.6,8.2,11.0,875101,695938
2023,MI,Michigan,Macomb,26099,OBESITY,37.3,32.4,42.2,875101,695938
2023,MI,Michigan,Manistee,26101,ACCESS2,7.7,5.8,9.8,25562,21306
2023,MI,Michigan,Manistee,26101,BPHIGH,32.1,28.1,36.3,25562,21306
2023,MI,Michigan,Manistee,26101,CHECKUP,77.3,73.3,80.8,25562,21306
2023,MI,Michigan,Manistee,26101,CHOLSCREEN,84.5,81.9,86.8,25562,21306
2023,MI,Michigan,Manistee,26101,DIABETES,9.9,8.5,11.5,25562,21306
2023,MI,Michigan,Manistee,26101,OBESITY,37.0,29.0,45.4,25562,21306
2023,MI,Michigan,Marquette,26103,ACCESS2,6.1,4.6,8.1,66999,55244
2023,MI,Michigan,Marquette,26103,BPHIGH,31.6,27.8,35.4,66999,55244
2023,MI,Michigan,Marquette,26103,CHECKUP,78.9,75.4,82.2,66999,55244
2023,MI,Michigan,Marquette,26103,CHOLSCREEN,85.5,83.2,87.7,66999,55244
2023,MI,Michigan,Marquette,26103,DIABETES,9.4,8.0,11.0,66999,55244
2023,MI,Michigan,Marquette,26103,OBESITY,38.0,30.9,45.3,66999,55244
2023,MI,Michigan,Mason,26105,ACCESS2,7.5,5.8,9.5,29159,23606
2023,MI,Michigan,Mason,26105,BPHIGH,32.2,28.1,36.2,29159,23606
2023,MI,Michigan,Mason,26105,CHECKUP,77.5,73.5,80.9,29159,23606
2023,MI,Michigan,Mason,26105,CHOLSCREEN,84.6,81.8,86.9,29159,23606
2023,MI,Michigan,Mason,26105,DIABETES,10.1,8.5,11.5,29159,23606
2023,MI,Michigan,Mason,26105,OBESITY,40.5,32.3,48.7,29159,23606
2023,MI,Michigan,Mecosta,26107,ACCESS2,7.7,5.9,9.9,41099,33152
2023,MI,Michigan,Mecosta,26107,BPHIGH,33.4,29.5,37.5,41099,33152
2023,MI,Michigan,Mecosta,26107,CHECKUP,77.7,73.7,81.3,41099,33152
2023,MI,Michigan,Mecosta,26107,CHOLSCREEN,83.7,81.0,86.3,41099,33152
2023,MI,Michigan,Mecosta,26107,DIABETES,10.4,8.9,12.0,41099,33152
2023,MI,Michigan,Mecosta,26107,OBESITY,38.3,30.9,46.2,41099,33152
2023,MI,Michigan,Menominee,26109,ACCESS2,7.5,5.7,9.8,22945,19083
2023,MI,Michigan,Menominee,26109,BPHIGH,32.7,28.6,37.0,22945,19083
2023,MI,Michigan,Menominee,26109,CHECKUP,76.8,72.5,80.5,22945,19083
2023,MI,Michigan,Menominee,26109,CHOLSCREEN,84.1,81.2,86.8,22945,19083
2023,MI,Michigan,Menominee,26109,DIABETES,9.9,8.4,11.5,22945,19083
2023,MI,Michigan,Menominee,26109,OBESITY,38.9,30.1,47.8,22945,19083
2023,MI,Michigan,Midland,26111,ACCESS2,6.0,4.6,8.0,84039,66530
2023,MI,Michigan,Midland,26111,BPHIGH,30.3,26.8,34.0,84039,66530
2023,MI,Michigan,Midland,26111,CHECKUP,77.5,73.9,80.9,84039,66530
2023,MI,Michigan,Midland,26111,CHOLSCREEN,85.9,83.5,88.2,84039,66530
2023,MI,Michigan,Midland,26111,DIABETES,8.7,7.4,10.1,84039,66530
2023,MI,Michigan,Midland,26111,OBESITY,31.7,25.7,38.4,84039,66530
2023,MI,Michigan,Missaukee,26113,ACCESS2,7.9,5.9,10.3,15311,11930
2023,MI,Michigan,Missaukee,26113,BPHIGH,33.1,29.6,37.5,15311,11930
2023,MI,Michigan,Missaukee,26113,CHECKUP,77.4,73.9,81.3,15311,11930
2023,MI,Michigan,Missaukee,26113,CHOLSCREEN,83.9,81.0,86.4,15311,11930
2023,MI,Michigan,Missaukee,26113,DIABETES,10.2,8.8,11.8,15311,11930
2023,MI,Michigan,Missaukee,26113,OBESITY,39.2,31.7,48.6,15311,11930
2023,MI,Michigan,Monroe,26115,ACCESS2,7.0,5.3,9.2,155045,123173
2023,MI,Michigan,Monroe,26115,BPHIGH,32.0,28.5,35.8,155045,123173
2023,MI,Michigan,Monroe,26115,CHECKUP,76.7,73.0,80.2,155045,123173
2023,MI,Michigan,Monroe,26115,CHOLSCREEN,85.3,82.8,87.5,155045,123173
2023,MI,Michigan,Monroe,26115,DIABETES,9.8,8.4,11.4,155045,123173
2023,MI,Michigan,Monroe,26115,OBESITY,40.3,34.2,46.7,155045,123173
2023,MI,Michigan,Montcalm,26117,ACCESS2,8.6,6.5,10.8,68154,54137
2023,MI,Michigan,Montcalm,26117,BPHIGH,33.8,30.0,38.0,68154,54137
2023,MI,Michigan,Montcalm,26117,CHECKUP,77.8,73.7,81.4,68154,54137
2023,MI,Michigan,Montcalm,26117,CHOLSCREEN,83.4,80.6,86.0,68154,54137
2023,MI,Michigan,Montcalm,26117,DIABETES,10.6,9.1,12.2,68154,54137
2023,MI,Michigan,Montcalm,26117,OBESITY,42.2,35.0,50.1,68154,54137
2023,MI,Michigan,Montmorency,26119,ACCESS2,8.0,6.0,10.6,9678,8165
2023,MI,Michigan,Montmorency,26119,BPHIGH,33.0,28.9,37.5,9678,8165
2023,MI,Michigan,Montmorency,26119,CHECKUP,76.8,72.7,80.8,9678,8165
2023,MI,Michigan,Montmorency,26119,CHOLSCREEN,83.1,80.1,85.9,9678,8165
2023,MI,Michigan,Montmorency,26119,DIABETES,10.5,9.0,12.3,9678,8165
2023,MI,Michigan,Montmorency,26119,OBESITY,38.3,29.9,47.5,9678,8165
2023,MI,Michigan,Muskegon,26121,ACCESS2,8.1,6.4,10.2,176564,137270
2023,MI,Michigan,Muskegon,26121,BPHIGH,32.6,29.0,36.2,176564,137270
2023,MI,Michigan,Muskegon,26121,CHECKUP,77.6,73.9,80.9,176564,137270
2023,MI,Michigan,Muskegon,26121,CHOLSCREEN,84.7,82.3,87.0,176564,137270
2023,MI,Michigan,Muskegon,26121,DIABETES,10.7,9.2,12.3,176564,137270
2023,MI,Michigan,Muskegon,26121,OBESITY,44.2,37.8,50.6,176564,137270
2023,MI,Michigan,Newaygo,26123,ACCESS2,8.6,6.5,11.0,51108,40085
2023,MI,Michigan,Newaygo,26123,BPHIGH,33.5,29.6,37.5,51108,40085
2023,MI,Michigan,Newaygo,26123,CHECKUP,76.9,72.8,80.6,51108,40085
2023,MI,Michigan,Newaygo,26123,CHOLSCREEN,83.8,80.7,86.3,51108,40085
2023,MI,Michigan,Newaygo,26123,DIABETES,10.3,8.7,11.9,51108,40085
2023,MI,Michigan,Newaygo,26123,OBESITY,37.5,30.1,45.4,51108,40085
2023,MI,Michigan,Oakland,26125,ACCESS2,5.5,4.3,6.9,1270426,1015769
2023,MI,Michigan,Oakland,26125,BPHIGH,30.3,27.7,32.8,1270426,1015769
2023,MI,Michigan,Oakland,26125,CHECKUP,79.3,76.6,81.7,1270426,1015769
2023,MI,Michigan,Oakland,26125,CHOLSCREEN,88.5,86.5,90.2,1270426,1015769
2023,MI,Michigan,Oakland,26125,DIABETES,8.5,7.5,9.6,1270426,1015769
2023,MI,Michigan,Oakland,26125,OBESITY,30.9,27.4,34.5,1270426,1015769
2023,MI,Michigan,Oceana,26127,ACCESS2,10.1,8.0,12.5,26981,21345
2023,MI,Michigan,Oceana,26127,BPHIGH,32.3,28.2,36.4,26981,21345
2023,MI,Michigan,Oceana,26127,CHECKUP,75.9,71.8,79.6,26981,21345
2023,MI,Michigan,Oceana,26127,CHOLSCREEN,83.8,81.4,86.2,26981,21345
2023,MI,Michigan,Oceana,26127,DIABETES,10.6,9.0,12.3,26981,21345
2023,MI,Michigan,Oceana,26127,OBESITY,40.7,32.5,49.2,26981,21345
2023,MI,Michigan,Ogemaw,26129,ACCESS2,8.1,6.0,10.5,20990,17270
2023,MI,Michigan,Ogemaw,26129,BPHIGH,33.7,29.8,37.9,20990,17270
2023,MI,Michigan,Ogemaw,26129,CHECKUP,76.5,72.6,80.4,20990,17270
2023,MI,Michigan,Ogemaw,26129,CHOLSCREEN,83.2,80.2,85.9,20990,17270
2023,MI,Michigan,Ogemaw,26129,DIABETES,10.7,9.1,12.5,20990,17270
2023,MI,Michigan,Ogemaw,26129,OBESITY,39.2,31.0,47.8,20990,17270
2023,MI,Michigan,Ontonagon,26131,ACCESS2,7.3,5.7,9.4,5906,5167
2023,MI,Michigan,Ontonagon,26131,BPHIGH,33.1,29.0,37.1,5906,5167
2023,MI,Michigan,Ontonagon,26131,CHECKUP,77.0,73.0,80.7,5906,5167
2023,MI,Michigan,Ontonagon,26131,CHOLSCREEN,84.0,81.1,86.4,5906,5167
2023,MI,Michigan,Ontonagon,26131,DIABETES,10.1,8.6,11.7,5906,5167
2023,MI,Michigan,Ontonagon,26131,OBESITY,37.2,28.8,45.5,5906,5167
2023,MI,Michigan,Osceola,26133,ACCESS2,8.1,6.1,10.5,23330,18218
2023,MI,Michigan,Osceola,26133,BPHIGH,33.2,29.3,37.4,23330,18218
2023,MI,Michigan,Osceola,26133,CHECKUP,77.2,73.2,80.9,23330,18218
2023,MI,Michigan,Osceola,26133,CHOLSCREEN,83.3,80.5,85.9,23330,18218
2023,MI,Michigan,Osceola,26133,DIABETES,10.4,9.0,12.1,23330,18218
2023,MI,Michigan,Osceola,26133,OBESITY,39.4,31.4,48.1,23330,18218
2023,MI,Michigan,Oscoda,26135,ACCESS2,9.0,6.7,11.8,8545,6848
2023,MI,Michigan,Oscoda,26135,BPHIGH,34.3,30.1,38.4,8545,6848
2023,MI,Michigan,Oscoda,26135,CHECKUP,76.4,72.5,80.1,8545,6848
2023,MI,Michigan,Oscoda,26135,CHOLSCREEN,82.5,79.6,85.3,8545,6848
2023,MI,Michigan,Oscoda,26135,DIABETES,11.2,9.6,12.9,8545,6848
2023,MI,Michigan,Oscoda,26135,OBESITY,38.2,29.5,46.8,8545,6848
2023,MI,Michigan,Otsego,26137,ACCESS2,6.6,4.9,8.7,25747,20430
2023,MI,Michigan,Otsego,26137,BPHIGH,31.5,27.6,35.5,25747,20430
2023,MI,Michigan,Otsego,26137,CHECKUP,77.9,74.2,81.3,25747,20430
2023,MI,Michigan,Otsego,26137,CHOLSCREEN,85.0,82.4,87.4,25747,20430
2023,MI,Michigan,Otsego,26137,DIABETES,9.4,8.0,10.9,25747,20430
2023,MI,Michigan,Otsego,26137,OBESITY,37.9,29.9,46.4,25747,20430
2023,MI,Michigan,Ottawa,26139,ACCESS2,6.7,5.2,8.5,303372,234628
2023,MI,Michigan,Ottawa,26139,BPHIGH,29.3,26.0,32.7,303372,234628
2023,MI,Michigan,Ottawa,26139,CHECKUP,79.7,76.3,82.7,303372,234628
2023,MI,Michigan,Ottawa,26139,CHOLSCREEN,86.6,84.2,88.8,303372,234628
2023,MI,Michigan,Ottawa,26139,DIABETES,8.5,7.3,9.9,303372,234628
2023,MI,Michigan,Ottawa,26139,OBESITY,33.2,27.7,39.1,303372,234628
2023,MI,Michigan,Presque Isle,26141,ACCESS2,7.3,5.5,9.6,13285,11288
2023,MI,Michigan,Presque Isle,26141,BPHIGH,32.1,28.3,36.4,13285,11288
2023,MI,Michigan,Presque Isle,26141,CHECKUP,77.4,73.5,81.1,13285,11288
2023,MI,Michigan,Presque Isle,26141,CHOLSCREEN,84.0,81.1,86.6,13285,11288
2023,MI,Michigan,Presque Isle,26141,DIABETES,10.1,8.6,11.8,13285,11288
2023,MI,Michigan,Presque Isle,26141,OBESITY,41.1,32.9,50.0,13285,11288
2023,MI,Michigan,Roscommon,26143,ACCESS2,7.4,5.5,9.6,23863,20479
2023,MI,Michigan,Roscommon,26143,BPHIGH,32.3,28.3,36.7,23863,20479
2023,MI,Michigan,Roscommon,26143,CHECKUP,77.0,73.2,80.4,23863,20479
2023,MI,Michigan,Roscommon,26143,CHOLSCREEN,84.2,81.6,86.5,23863,20479
2023,MI,Michigan,Roscommon,26143,DIABETES,10.0,8.5,11.7,23863,20479
2023,MI,Michigan,Roscommon,26143,OBESITY,39.0,31.0,47.7,23863,20479
2023,MI,Michigan,Saginaw,26145,ACCESS2,8.6,6.9,10.7,187782,147908
2023,MI,Michigan,Saginaw,26145,BPHIGH,35.3,31.6,38.9,187782,147908
2023,MI,Michigan,Saginaw,26145,CHECKUP,78.8,75.3,81.8,187782,147908
2023,MI,Michigan,Saginaw,26145,CHOLSCREEN,84.3,81.8,86.5,187782,147908
2023,MI,Michigan,Saginaw,26145,DIABETES,11.6,10.1,13.3,187782,147908
2023,MI,Michigan,Saginaw,26145,OBESITY,37.1,30.9,43.2,187782,147908
2023,MI,Michigan,St. Clair,26147,ACCESS2,7.2,5.3,9.1,159874,127824
2023,MI,Michigan,St. Clair,26147,BPHIGH,32.7,28.9,36.7,159874,127824
2023,MI,Michigan,St. Clair,26147,CHECKUP,78.0,74.5,81.3,159874,127824
2023,MI,Michigan,St. Clair,26147,CHOLSCREEN,85.0,82.6,87.2,159874,127824
2023,MI,Michigan,St. Clair,26147,DIABETES,9.5,8.1,11.1,159874,127824
2023,MI,Michigan,St. Clair,26147,OBESITY,36.2,29.3,43.3,159874,127824
2023,MI,Michigan,St. Joseph,26149,ACCESS2,9.2,7.2,11.6,60878,46399
2023,MI,Michigan,St. Joseph,26149,BPHIGH,32.6,28.9,36.8,60878,46399
2023,MI,Michigan,St. Joseph,26149,CHECKUP,76.4,72.6,80.1,60878,46399
2023,MI,Michigan,St. Joseph,26149,CHOLSCREEN,83.8,81.1,86.3,60878,46399
2023,MI,Michigan,St. Joseph,26149,DIABETES,10.5,9.0,12.2,60878,46399
2023,MI,Michigan,St. Joseph,26149,OBESITY,38.3,30.9,46.6,60878,46399
2023,MI,Michigan,Sanilac,26151,ACCESS2,8.3,6.5,10.5,40368,32004
2023,MI,Michigan,Sanilac,26151,BPHIGH,33.2,29.1,37.6,40368,32004
2023,MI,Michigan,Sanilac,26151,CHECKUP,76.8,73.0,80.2,40368,32004
2023,MI,Michigan,Sanilac,26151,CHOLSCREEN,83.6,81.0,86.0,40368,32004
2023,MI,Michigan,Sanilac,26151,DIABETES,10.3,8.7,11.9,40368,32004
2023,MI,Michigan,Sanilac,26151,OBESITY,39.9,31.6,48.9,40368,32004
2023,MI,Michigan,Schoolcraft,26153,ACCESS2,7.8,6.1,10.0,8149,6684
2023,MI,Michigan,Schoolcraft,26153,BPHIGH,33.2,29.2,37.4,8149,6684
2023,MI,Michigan,Schoolcraft,26153,CHECKUP,77.3,73.3,80.9,8149,6684
2023,MI,Michigan,Schoolcraft,26153,CHOLSCREEN,83.6,80.9,86.1,8149,6684
2023,MI,Michigan,Schoolcraft,26153,DIABETES,10.8,9.2,12.4,8149,6684
2023,MI,Michigan,Schoolcraft,26153,OBESITY,40.1,31.8,49.3,8149,6684
2023,MI,Michigan,Shiawassee,26155,ACCESS2,7.2,5.5,9.3,68025,54057
2023,MI,Michigan,Shiawassee,26155,BPHIGH,32.1,28.2,36.1,68025,54057
2023,MI,Michigan,Shiawassee,26155,CHECKUP,77.9,74.0,81.4,68025,54057
2023,MI,Michigan,Shiawassee,26155,CHOLSCREEN,84.6,82.0,87.0,68025,54057
2023,MI,Michigan,Shiawassee,26155,DIABETES,9.9,8.5,11.5,68025,54057
2023,MI,Michigan,Shiawassee,26155,OBESITY,38.5,31.2,46.2,68025,54057
2023,MI,Michigan,Tuscola,26157,ACCESS2,7.9,6.1,10.1,52826,42309
2023,MI,Michigan,Tuscola,26157,BPHIGH,32.6,28.7,37.0,52826,42309
2023,MI,Michigan,Tuscola,26157,CHECKUP,76.5,72.6,80.4,52826,42309
2023,MI,Michigan,Tuscola,26157,CHOLSCREEN,83.7,81.0,86.1,52826,42309
2023,MI,Michigan,Tuscola,26157,DIABETES,10.1,8.7,11.8,52826,42309
2023,MI,Michigan,Tuscola,26157,OBESITY,41.4,33.2,50.3,52826,42309
2023,MI,Michigan,Van Buren,26159,ACCESS2,9.3,7.3,11.6,75798,58504
2023,MI,Michigan,Van Buren,26159,BPHIGH,32.7,29.0,36.5,75798,58504
2023,MI,Michigan,Van Buren,26159,CHECKUP,77.5,73.7,81.1,75798,58504
2023,MI,Michigan,Van Buren,26159,CHOLSCREEN,84.6,82.0,87.0,75798,58504
2023,MI,Michigan,Van Buren,26159,DIABETES,10.8,9.2,12.3,75798,58504
2023,MI,Michigan,Van Buren,26159,OBESITY,39.2,32.0,46.4,75798,58504
2023,MI,Michigan,Washtenaw,26161,ACCESS2,5.4,4.2,6.9,365536,299903
2023,MI,Michigan,Washtenaw,26161,BPHIGH,28.3,25.6,30.9,365536,299903
2023,MI,Michigan,Washtenaw,26161,CHECKUP,77.0,73.9,79.7,365536,299903
2023,MI,Michigan,Washtenaw,26161,CHOLSCREEN,87.6,85.4,89.3,365536,299903
2023,MI,Michigan,Washtenaw,26161,DIABETES,8.6,7.4,9.9,365536,299903
2023,MI,Michigan,Washtenaw,26161,OBESITY,29.0,25.4,32.8,365536,299903
2023,MI,Michigan,Wayne,26163,ACCESS2,8.3,6.7,10.4,1751169,1339690
2023,MI,Michigan,Wayne,26163,BPHIGH,37.1,34.6,39.7,1751169,1339690
2023,MI,Michigan,Wayne,26163,CHECKUP,79.5,77.1,81.9,1751169,1339690
2023,MI,Michigan,Wayne,26163,CHOLSCREEN,85.8,83.8,87.7,1751169,1339690
2023,MI,Michigan,Wayne,26163,DIABETES,12.5,11.2,13.9,1751169,1339690
2023,MI,Michigan,Wayne,26163,OBESITY,37.3,33.8,40.9,1751169,1339690
2023,MI,Michigan,Wexford,26165,ACCESS2,7.8,5.9,10.1,34122,26384
2023,MI,Michigan,Wexford,26165,BPHIGH,33.2,28.9,37.4,34122,26384
2023,MI,Michigan,Wexford,26165,CHECKUP,76.9,72.7,80.9,34122,26384
2023,MI,Michigan,Wexford,26165,CHOLSCREEN,83.7,80.8,86.3,34122,26384
2023,MI,Michigan,Wexford,26165,DIABETES,10.3,8.7,11.9,34122,26384
2023,MI,Michigan,Wexford,26165,OBESITY,38.8,30.7,47.7,34122,26384
2023,WI,Wisconsin,Adams,55001,ACCESS2,10.5,8.3,13.2,21449,18664
2023,WI,Wisconsin,Adams,55001,BPHIGH,32.3,28.4,36.6,21449,18664
2023,WI,Wisconsin,Adams,55001,CHECKUP,74.1,70.1,78.0,21449,18664
2023,WI,Wisconsin,Adams,55001,CHOLSCREEN,81.5,78.8,84.2,21449,18664
2023,WI,Wisconsin,Adams,55001,DIABETES,11.2,9.6,13.1,21449,18664
2023,WI,Wisconsin,Adams,55001,OBESITY,40.3,32.6,48.5,21449,18664
2023,WI,Wisconsin,Ashland,55003,ACCESS2,8.8,6.9,10.9,16079,12754
2023,WI,Wisconsin,Ashland,55003,BPHIGH,30.1,26.6,33.5,16079,12754
2023,WI,Wisconsin,Ashland,55003,CHECKUP,74.5,70.5,77.7,16079,12754
2023,WI,Wisconsin,Ashland,55003,CHOLSCREEN,81.8,79.2,84.2,16079,12754
2023,WI,Wisconsin,Ashland,55003,DIABETES,10.8,9.3,12.4,16079,12754
2023,WI,Wisconsin,Ashland,55003,OBESITY,41.4,34.7,47.8,16079,12754
2023,WI,Wisconsin,Barron,55005,ACCESS2,8.6,6.4,10.8,46833,37064
2023,WI,Wisconsin,Barron,55005,BPHIGH,29.3,25.9,32.7,46833,37064
2023,WI,Wisconsin,Barron,55005,CHECKUP,74.3,70.4,77.8,46833,37064
2023,WI,Wisconsin,Barron,55005,CHOLSCREEN,82.6,79.7,85.3,46833,37064
2023,WI,Wisconsin,Barron,55005,DIABETES,9.8,8.4,11.4,46833,37064
2023,WI,Wisconsin,Barron,55005,OBESITY,38.3,31.9,44.8,46833,37064
2023,WI,Wisconsin,Bayfield,55007,ACCESS2,7.1,5.4,9.1,16769,14035
2023,WI,Wisconsin,Bayfield,55007,BPHIGH,29.9,26.2,33.5,16769,14035
2023,WI,Wisconsin,Bayfield,55007,CHECKUP,74.4,70.6,78.1,16769,14035
2023,WI,Wisconsin,Bayfield,55007,CHOLSCREEN,83.9,81.4,86.4,16769,14035
2023,WI,Wisconsin,Bayfield,55007,DIABETES,9.2,7.8,10.8,16769,14035
2023,WI,Wisconsin,Bayfield,55007,OBESITY,38.9,32.5,45.4,16769,14035
2023,WI,Wisconsin,Brown,55009,ACCESS2,8.5,6.6,10.7,271417,209911
2023,WI,Wisconsin,Brown,55009,BPHIGH,28.7,25.8,31.7,271417,209911
2023,WI,Wisconsin,Brown,55009,CHECKUP,76.1,72.8,79.2,271417,209911
2023,WI,Wisconsin,Brown,55009,CHOLSCREEN,83.9,81.4,86.2,271417,209911
2023,WI,Wisconsin,Brown,55009,DIABETES,9.3,8.0,10.7,271417,209911
2023,WI,Wisconsin,Brown,55009,OBESITY,41.1,36.2,46.2,271417,209911
2023,WI,Wisconsin,Buffalo,55011,ACCESS2,8.4,6.3,10.8,13419,10742
2023,WI,Wisconsin,Buffalo,55011,BPHIGH,29.0,25.6,32.8,13419,10742
2023,WI,Wisconsin,Buffalo,55011,CHECKUP,74.6,70.4,78.3,13419,10742
2023,WI,Wisconsin,Buffalo,55011,CHOLSCREEN,82.9,80.1,85.6,13419,10742
2023,WI,Wisconsin,Buffalo,55011,DIABETES,9.4,8.1,11.0,13419,10742
2023,WI,Wisconsin,Buffalo,55011,OBESITY,39.4,32.2,47.2,13419,10742
2023,WI,Wisconsin,Burnett,55013,ACCESS2,8.7,6.7,11.4,17092,14468
2023,WI,Wisconsin,Burnett,55013,BPHIGH,29.4,25.9,33.2,17092,14468
2023,WI,Wisconsin,Burnett,55013,CHECKUP,73.5,69.7,77.4,17092,14468
2023,WI,Wisconsin,Burnett,55013,CHOLSCREEN,82.5,79.8,85.0,17092,14468
2023,WI,Wisconsin,Burnett,55013,DIABETES,10.0,8.6,11.6,17092,14468
2023,WI,Wisconsin,Burnett,55013,OBESITY,38.8,31.7,46.4,17092,14468
2023,WI,Wisconsin,Calumet,55015,ACCESS2,7.5,5.7,9.8,53199,41590
2023,WI,Wisconsin,Calumet,55015,BPHIGH,26.8,23.2,30.4,53199,41590
2023,WI,Wisconsin,Calumet,55015,CHECKUP,75.0,71.1,78.8,53199,41590
2023,WI,Wisconsin,Calumet,55015,CHOLSCREEN,84.6,82.1,86.9,53199,41590
2023,WI,Wisconsin,Calumet,55015,DIABETES,8.5,7.1,9.8,53199,41590
2023,WI,Wisconsin,Calumet,55015,OBESITY,32.8,25.9,39.7,53199,41590
2023,WI,Wisconsin,Chippewa,55017,ACCESS2,8.0,6.1,10.3,66970,52829
2023,WI,Wisconsin,Chippewa,55017,BPHIGH,29.5,26.1,33.0,66970,52829
2023,WI,Wisconsin,Chippewa,55017,CHECKUP,73.0,69.2,76.6,66970,52829
2023,WI,Wisconsin,Chippewa,55017,CHOLSCREEN,82.8,80.1,85.3,66970,52829
2023,WI,Wisconsin,Chippewa,55017,DIABETES,9.4,8.0,10.8,66970,52829
2023,WI,Wisconsin,Chippewa,55017,OBESITY,41.4,34.9,48.0,66970,52829
2023,WI,Wisconsin,Clark,55019,ACCESS2,11.9,9.1,15.2,34774,24557
2023,WI,Wisconsin,Clark,55019,BPHIGH,28.9,25.4,32.7,34774,24557
2023,WI,Wisconsin,Clark,55019,CHECKUP,71.5,67.3,75.3,34774,24557
2023,WI,Wisconsin,Clark,55019,CHOLSCREEN,80.3,77.2,83.0,34774,24557
2023,WI,Wisconsin,Clark,55019,DIABETES,10.2,8.7,12.0,34774,24557
2023,WI,Wisconsin,Clark,55019,OBESITY,38.1,31.2,45.4,34774,24557
2023,WI,Wisconsin,Columbia,55021,ACCESS2,7.9,6.1,10.3,58091,46376
2023,WI,Wisconsin,Columbia,55021,BPHIGH,27.6,24.1,31.2,58091,46376
2023,WI,Wisconsin,Columbia,55021,CHECKUP,72.8,68.7,76.6,58091,46376
2023,WI,Wisconsin,Columbia,55021,CHOLSCREEN,83.6,81.0,86.3,58091,46376
2023,WI,Wisconsin,Columbia,55021,DIABETES,9.0,7.7,10.4,58091,46376
2023,WI,Wisconsin,Columbia,55021,OBESITY,33.2,26.8,40.2,58091,46376
2023,WI,Wisconsin,Crawford,55023,ACCESS2,8.9,6.8,11.4,15944,12868
2023,WI,Wisconsin,Crawford,55023,BPHIGH,30.4,26.9,34.2,15944,12868
2023,WI,Wisconsin,Crawford,55023,CHECKUP,73.8,69.5,77.7,15944,12868
2023,WI,Wisconsin,Crawford,55023,CHOLSCREEN,81.9,79.1,84.6,15944,12868
2023,WI,Wisconsin,Crawford,55023,DIABETES,10.1,8.7,11.6,15944,12868
2023,WI,Wisconsin,Crawford,55023,OBESITY,37.6,30.4,45.6,15944,12868
2023,WI,Wisconsin,Dane,55025,ACCESS2,6.7,5.2,8.4,575347,463964
2023,WI,Wisconsin,Dane,55025,BPHIGH,25.5,22.7,28.0,575347,463964
2023,WI,Wisconsin,Dane,55025,CHECKUP,73.5,70.3,76.5,575347,463964
2023,WI,Wisconsin,Dane,55025,CHOLSCREEN,85.5,83.2,87.4,575347,463964
2023,WI,Wisconsin,Dane,55025,DIABETES,8.1,6.9,9.3,575347,463964
2023,WI,Wisconsin,Dane,55025,OBESITY,33.4,29.0,37.6,575347,463964
2023,WI,Wisconsin,Dodge,55027,ACCESS2,9.0,7.0,11.3,88231,71376
2023,WI,Wisconsin,Dodge,55027,BPHIGH,28.8,25.4,32.4,88231,71376
2023,WI,Wisconsin,Dodge,55027,CHECKUP,76.2,72.5,79.8,88231,71376
2023,WI,Wisconsin,Dodge,55027,CHOLSCREEN,83.1,80.5,85.7,88231,71376
2023,WI,Wisconsin,Dodge,55027,DIABETES,9.2,7.9,10.7,88231,71376
2023,WI,Wisconsin,Dodge,55027,OBESITY,42.5,35.9,49.2,88231,71376
2023,WI,Wisconsin,Door,55029,ACCESS2,7.1,5.4,9.1,30562,25848
2023,WI,Wisconsin,Door,55029,BPHIGH,27.9,24.3,31.5,30562,25848
2023,WI,Wisconsin,Door,55029,CHECKUP,75.2,71.3,78.9,30562,25848
2023,WI,Wisconsin,Door,55029,CHOLSCREEN,84.7,82.2,87.2,30562,25848
2023,WI,Wisconsin,Door,55029,DIABETES,8.6,7.3,10.0,30562,25848
2023,WI,Wisconsin,Door,55029,OBESITY,36.8,29.9,44.0,30562,25848
2023,WI,Wisconsin,Douglas,55031,ACCESS2,7.4,5.6,9.7,44264,35947
2023,WI,Wisconsin,Douglas,55031,BPHIGH,30.3,26.7,34.2,44264,35947
2023,WI,Wisconsin,Douglas,55031,CHECKUP,75.1,71.2,78.8,44264,35947
2023,WI,Wisconsin,Douglas,55031,CHOLSCREEN,83.7,81.1,86.0,44264,35947
2023,WI,Wisconsin,Douglas,55031,DIABETES,9.4,7.9,10.9,44264,35947
2023,WI,Wisconsin,Douglas,55031,OBESITY,40.9,33.8,48.5,44264,35947
2023,WI,Wisconsin,Dunn,55033,ACCESS2,7.7,5.8,10.0,45794,37053
2023,WI,Wisconsin,Dunn,55033,BPHIGH,29.0,25.5,32.6,45794,37053
2023,WI,Wisconsin,Dunn,55033,CHECKUP,74.5,70.5,78.2,45794,37053
2023,WI,Wisconsin,Dunn,55033,CHOLSCREEN,83.4,80.8,85.9,45794,37053
2023,WI,Wisconsin,Dunn,55033,DIABETES,9.3,8.0,10.8,45794,37053
2023,WI,Wisconsin,Dunn,55033,OBESITY,40.7,33.7,47.7,45794,37053
2023,WI,Wisconsin,Eau Claire,55035,ACCESS2,7.3,5.6,9.2,107903,86787
2023,WI,Wisconsin,Eau Claire,55035,BPHIGH,28.1,24.7,31.4,107903,86787
2023,WI,Wisconsin,Eau Claire,55035,CHECKUP,74.5,70.7,77.7,107903,86787
2023,WI,Wisconsin,Eau Claire,55035,CHOLSCREEN,83.8,81.0,86.1,107903,86787
2023,WI,Wisconsin,Eau Claire,55035,DIABETES,8.9,7.6,10.4,107903,86787
2023,WI,Wisconsin,Eau Claire,55035,OBESITY,31.4,26.0,36.9,107903,86787
2023,WI,Wisconsin,Florence,55037,ACCESS2,8.0,6.0,10.3,4682,4032
2023,WI,Wisconsin,Florence,55037,BPHIGH,29.2,25.5,33.2,4682,4032
2023,WI,Wisconsin,Florence,55037,CHECKUP,74.5,70.5,78.3,4682,4032
2023,WI,Wisconsin,Florence,55037,CHOLSCREEN,83.1,80.3,85.8,4682,4032
2023,WI,Wisconsin,Florence,55037,DIABETES,9.2,7.9,10.8,4682,4032
2023,WI,Wisconsin,Florence,55037,OBESITY,36.8,29.2,45.0,4682,4032
2023,WI,Wisconsin,Fond du Lac,55039,ACCESS2,8.6,6.8,10.9,103948,82246
2023,WI,Wisconsin,Fond du Lac,55039,BPHIGH,29.5,26.4,32.7,103948,82246
2023,WI,Wisconsin,Fond du Lac,55039,CHECKUP,75.4,71.8,79.0,103948,82246
2023,WI,Wisconsin,Fond du Lac,55039,CHOLSCREEN,83.2,80.6,85.7,103948,82246
2023,WI,Wisconsin,Fond du Lac,55039,DIABETES,9.3,8.1,10.7,103948,82246
2023,WI,Wisconsin,Fond du Lac,55039,OBESITY,43.8,38.1,49.5,103948,82246
2023,WI,Wisconsin,Forest,55041,ACCESS2,10.1,8.0,12.6,9325,7503
2023,WI,Wisconsin,Forest,55041,BPHIGH,33.9,31.7,37.2,9325,7503
2023,WI,Wisconsin,Forest,55041,CHECKUP,75.3,73.1,78.2,9325,7503
2023,WI,Wisconsin,Forest,55041,CHOLSCREEN,82.0,80.0,84.2,9325,7503
2023,WI,Wisconsin,Forest,55041,DIABETES,12.0,10.9,13.4,9325,7503
2023,WI,Wisconsin,Forest,55041,OBESITY,45.8,41.9,52.2,9325,7503
2023,WI,Wisconsin,Grant,55043,ACCESS2,8.7,6.5,11.3,51409,40536
2023,WI,Wisconsin,Grant,55043,BPHIGH,29.4,25.7,33.2,51409,40536
2023,WI,Wisconsin,Grant,55043,CHECKUP,74.6,70.5,78.3,51409,40536
2023,WI,Wisconsin,Grant,55043,CHOLSCREEN,82.5,79.5,85.2,51409,40536
2023,WI,Wisconsin,Grant,55043,DIABETES,10.3,8.8,11.9,51409,40536
2023,WI,Wisconsin,Grant,55043,OBESITY,42.7,35.6,50.2,51409,40536
2023,WI,Wisconsin,Green,55045,ACCESS2,7.7,5.8,10.1,36951,29103
2023,WI,Wisconsin,Green,55045,BPHIGH,29.6,26.0,33.3,36951,29103
2023,WI,Wisconsin,Green,55045,CHECKUP,74.2,70.2,77.9,36951,29103
2023,WI,Wisconsin,Green,55045,CHOLSCREEN,83.8,81.2,86.3,36951,29103
2023,WI,Wisconsin,Green,55045,DIABETES,8.7,7.4,10.2,36951,29103
2023,WI,Wisconsin,Green,55045,OBESITY,39.9,32.6,47.0,36951,29103
2023,WI,Wisconsin,Green Lake,55047,ACCESS2,9.6,7.1,12.4,19344,15139
2023,WI,Wisconsin,Green Lake,55047,BPHIGH,30.0,26.3,34.0,19344,15139
2023,WI,Wisconsin,Green Lake,55047,CHECKUP,73.8,69.6,77.8,19344,15139
2023,WI,Wisconsin,Green Lake,55047,CHOLSCREEN,82.2,79.2,84.8,19344,15139
2023,WI,Wisconsin,Green Lake,55047,DIABETES,10.1,8.7,11.8,19344,15139
2023,WI,Wisconsin,Green Lake,55047,OBESITY,40.4,33.1,48.5,19344,15139
2023,WI,Wisconsin,Iowa,55049,ACCESS2,7.2,5.4,9.3,23956,18836
2023,WI,Wisconsin,Iowa,55049,BPHIGH,27.2,23.6,31.0,23956,18836
2023,WI,Wisconsin,Iowa,55049,CHECKUP,73.9,69.5,77.8,23956,18836
2023,WI,Wisconsin,Iowa,55049,CHOLSCREEN,84.1,81.4,86.6,23956,18836
2023,WI,Wisconsin,Iowa,55049,DIABETES,8.6,7.3,10.2,23956,18836
2023,WI,Wisconsin,Iowa,55049,OBESITY,38.2,30.8,46.2,23956,18836
2023,WI,Wisconsin,Iron,55051,ACCESS2,7.8,6.0,10.0,6228,5234
2023,WI,Wisconsin,Iron,55051,BPHIGH,27.8,24.3,31.6,6228,5234
2023,WI,Wisconsin,Iron,55051,CHECKUP,73.8,69.7,77.8,6228,5234
2023,WI,Wisconsin,Iron,55051,CHOLSCREEN,83.1,80.6,85.7,6228,5234
2023,WI,Wisconsin,Iron,55051,DIABETES,9.6,8.2,11.1,6228,5234
2023,WI,Wisconsin,Iron,55051,OBESITY,34.6,27.6,42.2,6228,5234
2023,WI,Wisconsin,Jackson,55053,ACCESS2,9.6,7.7,11.9,20855,16438
2023,WI,Wisconsin,Jackson,55053,BPHIGH,32.1,28.2,36.2,20855,16438
2023,WI,Wisconsin,Jackson,55053,CHECKUP,74.3,70.3,78.1,20855,16438
2023,WI,Wisconsin,Jackson,55053,CHOLSCREEN,81.7,78.9,84.2,20855,16438
2023,WI,Wisconsin,Jackson,55053,DIABETES,10.6,9.1,12.2,20855,16438
2023,WI,Wisconsin,Jackson,55053,OBESITY,40.2,32.8,48.4,20855,16438
2023,WI,Wisconsin,Jefferson,55055,ACCESS2,8.5,6.7,10.7,85743,69165
2023,WI,Wisconsin,Jefferson,55055,BPHIGH,27.2,24.1,30.7,85743,69165
2023,WI,Wisconsin,Jefferson,55055,CHECKUP,74.0,70.1,77.4,85743,69165
2023,WI,Wisconsin,Jefferson,55055,CHOLSCREEN,83.7,81.1,86.1,85743,69165
2023,WI,Wisconsin,Jefferson,55055,DIABETES,8.9,7.7,10.3,85743,69165
2023,WI,Wisconsin,Jefferson,55055,OBESITY,40.9,34.9,47.7,85743,69165
2023,WI,Wisconsin,Juneau,55057,ACCESS2,9.9,7.6,12.5,26594,21598
2023,WI,Wisconsin,Juneau,55057,BPHIGH,32.8,29.1,36.9,26594,21598
2023,WI,Wisconsin,Juneau,55057,CHECKUP,73.8,69.9,77.4,26594,21598
2023,WI,Wisconsin,Juneau,55057,CHOLSCREEN,81.4,78.5,83.8,26594,21598
2023,WI,Wisconsin,Juneau,55057,DIABETES,10.9,9.4,12.6,26594,21598
2023,WI,Wisconsin,Juneau,55057,OBESITY,41.7,34.6,49.6,26594,21598
2023,WI,Wisconsin,Kenosha,55059,ACCESS2,9.9,7.9,12.2,167488,131659
2023,WI,Wisconsin,Kenosha,55059,BPHIGH,30.6,27.5,33.7,167488,131659
2023,WI,Wisconsin,Kenosha,55059,CHECKUP,75.1,71.7,78.2,167488,131659
2023,WI,Wisconsin,Kenosha,55059,CHOLSCREEN,84.3,81.9,86.6,167488,131659
2023,WI,Wisconsin,Kenosha,55059,DIABETES,10.0,8.6,11.4,167488,131659
2023,WI,Wisconsin,Kenosha,55059,OBESITY,40.1,35.1,45.3,167488,131659
2023,WI,Wisconsin,Kewaunee,55061,ACCESS2,8.1,6.2,10.5,20690,16410
2023,WI,Wisconsin,Kewaunee,55061,BPHIGH,28.5,24.8,32.4,20690,16410
2023,WI,Wisconsin,Kewaunee,55061,CHECKUP,75.1,71.1,79.0,20690,16410
2023,WI,Wisconsin,Kewaunee,55061,CHOLSCREEN,83.4,80.6,85.8,20690,16410
2023,WI,Wisconsin,Kewaunee,55061,DIABETES,9.2,7.8,10.7,20690,16410
2023,WI,Wisconsin,Kewaunee,55061,OBESITY,41.1,33.5,49.4,20690,16410
2023,WI,Wisconsin,La Crosse,55063,ACCESS2,6.8,5.3,8.7,120486,97393
2023,WI,Wisconsin,La Crosse,55063,BPHIGH,28.4,25.2,31.7,120486,97393
2023,WI,Wisconsin,La Crosse,55063,CHECKUP,77.4,73.7,80.8,120486,97393
2023,WI,Wisconsin,La Crosse,55063,CHOLSCREEN,84.7,82.1,86.9,120486,97393
2023,WI,Wisconsin,La Crosse,55063,DIABETES,9.3,8.0,10.8,120486,97393
2023,WI,Wisconsin,La Crosse,55063,OBESITY,39.0,33.3,44.9,120486,97393
2023,WI,Wisconsin,Lafayette,55065,ACCESS2,9.4,7.2,12.1,16945,12715
2023,WI,Wisconsin,Lafayette,55065,BPHIGH,30.3,26.7,34.4,16945,12715
2023,WI,Wisconsin,Lafayette,55065,CHECKUP,74.8,70.9,78.7,16945,12715
2023,WI,Wisconsin,Lafayette,55065,CHOLSCREEN,82.3,79.6,85.0,16945,12715
2023,WI,Wisconsin,Lafayette,55065,DIABETES,9.8,8.4,11.4,16945,12715
2023,WI,Wisconsin,Lafayette,55065,OBESITY,41.9,34.3,50.4,16945,12715
2023,WI,Wisconsin,Langlade,55067,ACCESS2,9.4,7.1,11.9,19404,15739
2023,WI,Wisconsin,Langlade,55067,BPHIGH,30.3,26.7,33.9,19404,15739
2023,WI,Wisconsin,Langlade,55067,CHECKUP,73.8,69.8,77.6,19404,15739
2023,WI,Wisconsin,Langlade,55067,CHOLSCREEN,81.5,78.5,84.2,19404,15739
2023,WI,Wisconsin,Langlade,55067,DIABETES,10.0,8.6,11.6,19404,15739
2023,WI,Wisconsin,Langlade,55067,OBESITY,37.1,30.5,44.0,19404,15739
2023,WI,Wisconsin,Lincoln,55069,ACCESS2,8.5,6.5,11.1,28405,23357
2023,WI,Wisconsin,Lincoln,55069,BPHIGH,30.2,26.7,33.8,28405,23357
2023,WI,Wisconsin,Lincoln,55069,CHECKUP,74.5,70.7,78.0,28405,23357
2023,WI,Wisconsin,Lincoln,55069,CHOLSCREEN,82.5,79.7,84.9,28405,23357
2023,WI,Wisconsin,Lincoln,55069,DIABETES,9.5,8.1,11.0,28405,23357
2023,WI,Wisconsin,Lincoln,55069,OBESITY,42.1,35.5,48.8,28405,23357
2023,WI,Wisconsin,Manitowoc,55071,ACCESS2,8.7,6.7,11.2,81331,65081
2023,WI,Wisconsin,Manitowoc,55071,BPHIGH,29.9,26.6,33.3,81331,65081
2023,WI,Wisconsin,Manitowoc,55071,CHECKUP,74.5,70.8,78.1,81331,65081
2023,WI,Wisconsin,Manitowoc,55071,CHOLSCREEN,82.9,80.4,85.3,81331,65081
2023,WI,Wisconsin,Manitowoc,55071,DIABETES,9.2,7.9,10.6,81331,65081
2023,WI,Wisconsin,Manitowoc,55071,OBESITY,38.9,32.9,45.0,81331,65081
2023,WI,Wisconsin,Marathon,55073,ACCESS2,8.1,6.2,10.3,138612,107632
2023,WI,Wisconsin,Marathon,55073,BPHIGH,29.4,26.5,32.4,138612,107632
2023,WI,Wisconsin,Marathon,55073,CHECKUP,74.2,70.8,77.4,138612,107632
2023,WI,Wisconsin,Marathon,55073,CHOLSCREEN,83.6,81.0,86.0,138612,107632
2023,WI,Wisconsin,Marathon,55073,DIABETES,8.8,7.5,10.1,138612,107632
2023,WI,Wisconsin,Marathon,55073,OBESITY,36.0,31.3,40.9,138612,107632
2023,WI,Wisconsin,Marinette,55075,ACCESS2,8.4,6.4,10.8,42106,34244
2023,WI,Wisconsin,Marinette,55075,BPHIGH,29.6,26.2,33.1,42106,34244
2023,WI,Wisconsin,Marinette,55075,CHECKUP,74.5,70.6,78.3,42106,34244
2023,WI,Wisconsin,Marinette,55075,CHOLSCREEN,82.8,80.1,85.2,42106,34244
2023,WI,Wisconsin,Marinette,55075,DIABETES,9.9,8.6,11.5,42106,34244
2023,WI,Wisconsin,Marinette,55075,OBESITY,37.6,31.0,44.3,42106,34244
2023,WI,Wisconsin,Marquette,55077,ACCESS2,9.4,7.2,12.2,15838,12855
2023,WI,Wisconsin,Marquette,55077,BPHIGH,30.8,26.3,35.5,15838,12855
2023,WI,Wisconsin,Marquette,55077,CHECKUP,74.6,69.8,79.1,15838,12855
2023,WI,Wisconsin,Marquette,55077,CHOLSCREEN,82.0,79.0,84.7,15838,12855
2023,WI,Wisconsin,Marquette,55077,DIABETES,10.1,8.4,12.1,15838,12855
2023,WI,Wisconsin,Marquette,55077,OBESITY,43.0,33.5,52.7,15838,12855
2023,WI,Wisconsin,Menominee,55078,ACCESS2,10.3,8.3,12.5,4226,2882
2023,WI,Wisconsin,Menominee,55078,BPHIGH,34.4,30.4,38.5,4226,2882
2023,WI,Wisconsin,Menominee,55078,CHECKUP,75.7,71.9,79.3,4226,2882
2023,WI,Wisconsin,Menominee,55078,CHOLSCREEN,81.5,78.7,84.0,4226,2882
2023,WI,Wisconsin,Menominee,55078,DIABETES,15.3,13.3,17.3,4226,2882
2023,WI,Wisconsin,Menominee,55078,OBESITY,45.4,37.1,53.9,4226,2882
2023,WI,Wisconsin,Milwaukee,55079,ACCESS2,10.8,8.8,13.0,916205,700935
2023,WI,Wisconsin,Milwaukee,55079,BPHIGH,34.1,31.8,36.3,916205,700935
2023,WI,Wisconsin,Milwaukee,55079,CHECKUP,77.9,75.4,80.1,916205,700935
2023,WI,Wisconsin,Milwaukee,55079,CHOLSCREEN,84.6,82.5,86.6,916205,700935
2023,WI,Wisconsin,Milwaukee,55079,DIABETES,12.4,11.1,13.8,916205,700935
2023,WI,Wisconsin,Milwaukee,55079,OBESITY,38.8,35.5,41.9,916205,700935
2023,WI,Wisconsin,Monroe,55081,ACCESS2,9.6,7.4,12.3,46151,34486
2023,WI,Wisconsin,Monroe,55081,BPHIGH,31.0,27.3,34.8,46151,34486
2023,WI,Wisconsin,Monroe,55081,CHECKUP,74.5,70.6,78.4,46151,34486
2023,WI,Wisconsin,Monroe,55081,CHOLSCREEN,82.3,79.3,85.1,46151,34486
2023,WI,Wisconsin,Monroe,55081,DIABETES,10.4,8.8,12.0,46151,34486
2023,WI,Wisconsin,Monroe,55081,OBESITY,44.0,37.2,51.1,46151,34486
2023,WI,Wisconsin,Oconto,55083,ACCESS2,8.2,6.1,10.6,39775,32028
2023,WI,Wisconsin,Oconto,55083,BPHIGH,29.2,25.8,33.0,39775,32028
2023,WI,Wisconsin,Oconto,55083,CHECKUP,75.2,71.1,79.0,39775,32028
2023,WI,Wisconsin,Oconto,55083,CHOLSCREEN,82.9,80.1,85.5,39775,32028
2023,WI,Wisconsin,Oconto,55083,DIABETES,9.4,8.1,10.9,39775,32028
2023,WI,Wisconsin,Oconto,55083,OBESITY,42.0,34.9,49.8,39775,32028
2023,WI,Wisconsin,Oneida,55085,ACCESS2,7.3,5.6,9.5,38226,31953
2023,WI,Wisconsin,Oneida,55085,BPHIGH,29.1,25.9,32.3,38226,31953
2023,WI,Wisconsin,Oneida,55085,CHECKUP,74.8,71.1,78.2,38226,31953
2023,WI,Wisconsin,Oneida,55085,CHOLSCREEN,83.6,81.0,86.1,38226,31953
2023,WI,Wisconsin,Oneida,55085,DIABETES,9.3,7.9,10.8,38226,31953
2023,WI,Wisconsin,Oneida,55085,OBESITY,34.9,29.4,40.4,38226,31953
2023,WI,Wisconsin,Outagamie,55087,ACCESS2,7.4,5.7,9.5,193234,149418
2023,WI,Wisconsin,Outagamie,55087,BPHIGH,30.0,26.9,33.2,193234,149418
2023,WI,Wisconsin,Outagamie,55087,CHECKUP,77.0,73.7,80.0,193234,149418
2023,WI,Wisconsin,Outagamie,55087,CHOLSCREEN,84.5,81.9,86.7,193234,149418
2023,WI,Wisconsin,Outagamie,55087,DIABETES,8.9,7.7,10.2,193234,149418
2023,WI,Wisconsin,Outagamie,55087,OBESITY,36.4,31.3,41.6,193234,149418
2023,WI,Wisconsin,Ozaukee,55089,ACCESS2,5.9,4.5,8.1,93460,74094
2023,WI,Wisconsin,Ozaukee,55089,BPHIGH,24.6,21.6,27.9,93460,74094
2023,WI,Wisconsin,Ozaukee,55089,CHECKUP,76.8,73.0,80.2,93460,74094
2023,WI,Wisconsin,Ozaukee,55089,CHOLSCREEN,86.2,83.7,88.4,93460,74094
2023,WI,Wisconsin,Ozaukee,55089,DIABETES,7.8,6.7,9.1,93460,74094
2023,WI,Wisconsin,Ozaukee,55089,OBESITY,30.4,24.8,36.5,93460,74094
2023,WI,Wisconsin,Pepin,55091,ACCESS2,7.7,5.9,9.9,7441,5802
2023,WI,Wisconsin,Pepin,55091,BPHIGH,28.3,24.4,32.2,7441,5802
2023,WI,Wisconsin,Pepin,55091,CHECKUP,74.8,70.8,78.6,7441,5802
2023,WI,Wisconsin,Pepin,55091,CHOLSCREEN,83.5,81.0,85.8,7441,5802
2023,WI,Wisconsin,Pepin,55091,DIABETES,9.0,7.6,10.5,7441,5802
2023,WI,Wisconsin,Pepin,55091,OBESITY,36.4,28.0,45.0,7441,5802
2023,WI,Wisconsin,Pierce,55093,ACCESS2,7.1,5.5,9.1,43026,34410
2023,WI,Wisconsin,Pierce,55093,BPHIGH,28.9,25.4,32.6,43026,34410
2023,WI,Wisconsin,Pierce,55093,CHECKUP,73.7,69.7,77.6,43026,34410
2023,WI,Wisconsin,Pierce,55093,CHOLSCREEN,83.8,81.1,86.2,43026,34410
2023,WI,Wisconsin,Pierce,55093,DIABETES,8.9,7.6,10.3,43026,34410
2023,WI,Wisconsin,Pierce,55093,OBESITY,34.3,27.5,41.5,43026,34410
2023,WI,Wisconsin,Polk,55095,ACCESS2,7.8,5.8,10.2,45762,36790
2023,WI,Wisconsin,Polk,55095,BPHIGH,28.8,25.4,32.3,45762,36790
2023,WI,Wisconsin,Polk,55095,CHECKUP,73.8,69.6,77.5,45762,36790
2023,WI,Wisconsin,Polk,55095,CHOLSCREEN,83.4,80.6,86.1,45762,36790
2023,WI,Wisconsin,Polk,55095,DIABETES,9.2,7.8,10.7,45762,36790
2023,WI,Wisconsin,Polk,55095,OBESITY,35.2,29.0,41.8,45762,36790
2023,WI,Wisconsin,Portage,55097,ACCESS2,7.6,5.7,9.9,71024,57775
2023,WI,Wisconsin,Portage,55097,BPHIGH,27.0,23.9,30.4,71024,57775
2023,WI,Wisconsin,Portage,55097,CHECKUP,76.1,72.3,79.4,71024,57775
2023,WI,Wisconsin,Portage,55097,CHOLSCREEN,84.0,81.2,86.4,71024,57775
2023,WI,Wisconsin,Portage,55097,DIABETES,8.7,7.4,10.1,71024,57775
2023,WI,Wisconsin,Portage,55097,OBESITY,36.5,31.1,42.3,71024,57775
2023,WI,Wisconsin,Price,55099,ACCESS2,8.8,6.8,11.1,14102,11739
2023,WI,Wisconsin,Price,55099,BPHIGH,29.6,26.0,33.1,14102,11739
2023,WI,Wisconsin,Price,55099,CHECKUP,74.9,70.9,78.4,14102,11739
2023,WI,Wisconsin,Price,55099,CHOLSCREEN,82.1,79.2,84.7,14102,11739
2023,WI,Wisconsin,Price,55099,DIABETES,10.0,8.6,11.5,14102,11739
2023,WI,Wisconsin,Price,55099,OBESITY,42.2,35.5,48.8,14102,11739
2023,WI,Wisconsin,Racine,55101,ACCESS2,10.1,8.1,12.6,196613,152563
2023,WI,Wisconsin,Racine,55101,BPHIGH,30.3,27.4,33.3,196613,152563
2023,WI,Wisconsin,Racine,55101,CHECKUP,75.0,71.5,78.3,196613,152563
2023,WI,Wisconsin,Racine,55101,CHOLSCREEN,84.1,81.8,86.4,196613,152563
2023,WI,Wisconsin,Racine,55101,DIABETES,10.4,9.1,11.8,196613,152563
2023,WI,Wisconsin,Racine,55101,OBESITY,42.2,37.4,47.1,196613,152563
2023,WI,Wisconsin,Richland,55103,ACCESS2,9.3,7.2,12.0,17197,13613
2023,WI,Wisconsin,Richland,55103,BPHIGH,29.4,25.7,33.4,17197,13613
2023,WI,Wisconsin,Richland,55103,CHECKUP,73.7,69.7,77.4,17197,13613
2023,WI,Wisconsin,Richland,55103,CHOLSCREEN,81.8,78.8,84.4,17197,13613
2023,WI,Wisconsin,Richland,55103,DIABETES,10.1,8.6,11.7,17197,13613
2023,WI,Wisconsin,Richland,55103,OBESITY,37.6,29.9,45.4,17197,13613
2023,WI,Wisconsin,Rock,55105,ACCESS2,9.2,7.2,11.5,164278,127890
2023,WI,Wisconsin,Rock,55105,BPHIGH,29.3,26.0,32.6,164278,127890
2023,WI,Wisconsin,Rock,55105,CHECKUP,74.5,70.9,78.0,164278,127890
2023,WI,Wisconsin,Rock,55105,CHOLSCREEN,83.3,80.7,85.6,164278,127890
2023,WI,Wisconsin,Rock,55105,DIABETES,10.3,8.9,11.8,164278,127890
2023,WI,Wisconsin,Rock,55105,OBESITY,41.7,35.7,47.7,164278,127890
2023,WI,Wisconsin,Rusk,55107,ACCESS2,9.2,7.2,11.5,14143,11289
2023,WI,Wisconsin,Rusk,55107,BPHIGH,30.6,27.0,34.4,14143,11289
2023,WI,Wisconsin,Rusk,55107,CHECKUP,75.3,71.3,79.1,14143,11289
2023,WI,Wisconsin,Rusk,55107,CHOLSCREEN,81.7,78.8,84.3,14143,11289
2023,WI,Wisconsin,Rusk,55107,DIABETES,10.6,9.1,12.2,14143,11289
2023,WI,Wisconsin,Rusk,55107,OBESITY,40.9,33.6,48.6,14143,11289
2023,WI,Wisconsin,St. Croix,55109,ACCESS2,6.4,4.8,8.5,96763,74028
2023,WI,Wisconsin,St. Croix,55109,BPHIGH,28.2,24.9,31.6,96763,74028
2023,WI,Wisconsin,St. Croix,55109,CHECKUP,73.9,70.0,77.6,96763,74028
2023,WI,Wisconsin,St. Croix,55109,CHOLSCREEN,85.0,82.4,87.5,96763,74028
2023,WI,Wisconsin,St. Croix,55109,DIABETES,8.1,6.8,9.4,96763,74028
2023,WI,Wisconsin,St. Croix,55109,OBESITY,35.5,29.9,41.5,96763,74028
2023,WI,Wisconsin,Sauk,55111,ACCESS2,8.4,6.6,10.6,65920,51378
2023,WI,Wisconsin,Sauk,55111,BPHIGH,28.6,25.2,32.2,65920,51378
2023,WI,Wisconsin,Sauk,55111,CHECKUP,74.4,70.4,78.1,65920,51378
2023,WI,Wisconsin,Sauk,55111,CHOLSCREEN,83.5,80.7,86.0,65920,51378
2023,WI,Wisconsin,Sauk,55111,DIABETES,9.8,8.4,11.4,65920,51378
2023,WI,Wisconsin,Sauk,55111,OBESITY,40.2,33.5,47.4,65920,51378
2023,WI,Wisconsin,Sawyer,55113,ACCESS2,8.5,6.7,10.8,18552,15215
2023,WI,Wisconsin,Sawyer,55113,BPHIGH,31.0,27.6,34.6,18552,15215
2023,WI,Wisconsin,Sawyer,55113,CHECKUP,75.1,71.4,78.7,18552,15215
2023,WI,Wisconsin,Sawyer,55113,CHOLSCREEN,82.3,79.6,84.7,18552,15215
2023,WI,Wisconsin,Sawyer,55113,DIABETES,10.4,9.0,12.0,18552,15215
2023,WI,Wisconsin,Sawyer,55113,OBESITY,34.2,28.2,40.6,18552,15215
2023,WI,Wisconsin,Shawano,55115,ACCESS2,8.8,6.9,11.1,41109,32448
2023,WI,Wisconsin,Shawano,55115,BPHIGH,28.9,25.9,32.2,41109,32448
2023,WI,Wisconsin,Shawano,55115,CHECKUP,75.2,71.7,78.5,41109,32448
2023,WI,Wisconsin,Shawano,55115,CHOLSCREEN,82.3,80.0,84.8,41109,32448
2023,WI,Wisconsin,Shawano,55115,DIABETES,9.7,8.5,11.1,41109,32448
2023,WI,Wisconsin,Shawano,55115,OBESITY,40.2,34.1,46.6,41109,32448
2023,WI,Wisconsin,Sheboygan,55117,ACCESS2,8.3,6.6,10.3,117752,92697
2023,WI,Wisconsin,Sheboygan,55117,BPHIGH,30.3,27.1,33.6,117752,92697
2023,WI,Wisconsin,Sheboygan,55117,CHECKUP,75.2,71.5,78.5,117752,92697
2023,WI,Wisconsin,Sheboygan,55117,CHOLSCREEN,83.6,81.2,85.8,117752,92697
2023,WI,Wisconsin,Sheboygan,55117,DIABETES,9.3,8.0,10.7,117752,92697
2023,WI,Wisconsin,Sheboygan,55117,OBESITY,36.4,31.1,41.7,117752,92697
2023,WI,Wisconsin,Taylor,55119,ACCESS2,9.1,7.0,11.7,20058,15464
2023,WI,Wisconsin,Taylor,55119,BPHIGH,30.0,26.8,33.8,20058,15464
2023,WI,Wisconsin,Taylor,55119,CHECKUP,75.2,71.7,79.1,20058,15464
2023,WI,Wisconsin,Taylor,55119,CHOLSCREEN,82.2,79.4,84.8,20058,15464
2023,WI,Wisconsin,Taylor,55119,DIABETES,9.5,8.2,11.1,20058,15464
2023,WI,Wisconsin,Taylor,55119,OBESITY,44.1,37.8,51.1,20058,15464
2023,WI,Wisconsin,Trempealeau,55121,ACCESS2,9.6,7.5,12.3,30899,22713
2023,WI,Wisconsin,Trempealeau,55121,BPHIGH,29.6,26.0,33.5,30899,22713
2023,WI,Wisconsin,Trempealeau,55121,CHECKUP,74.5,70.3,78.3,30899,22713
2023,WI,Wisconsin,Trempealeau,55121,CHOLSCREEN,82.8,80.1,85.3,30899,22713
2023,WI,Wisconsin,Trempealeau,55121,DIABETES,9.8,8.3,11.4,30899,22713
2023,WI,Wisconsin,Trempealeau,55121,OBESITY,41.1,33.8,49.1,30899,22713
2023,WI,Wisconsin,Vernon,55123,ACCESS2,8.7,6.4,11.5,31170,23135
2023,WI,Wisconsin,Vernon,55123,BPHIGH,29.5,25.8,33.6,31170,23135
2023,WI,Wisconsin,Vernon,55123,CHECKUP,74.1,70.1,78.2,31170,23135
2023,WI,Wisconsin,Vernon,55123,CHOLSCREEN,82.2,79.1,85.2,31170,23135
2023,WI,Wisconsin,Vernon,55123,DIABETES,9.7,8.2,11.3,31170,23135
2023,WI,Wisconsin,Vernon,55123,OBESITY,38.7,31.2,47.0,31170,23135
2023,WI,Wisconsin,Vilas,55125,ACCESS2,7.3,5.7,9.3,23885,20060
2023,WI,Wisconsin,Vilas,55125,BPHIGH,29.6,26.3,33.2,23885,20060
2023,WI,Wisconsin,Vilas,55125,CHECKUP,73.7,69.8,77.4,23885,20060
2023,WI,Wisconsin,Vilas,55125,CHOLSCREEN,83.7,81.1,86.2,23885,20060
2023,WI,Wisconsin,Vilas,55125,DIABETES,8.9,7.7,10.3,23885,20060
2023,WI,Wisconsin,Vilas,55125,OBESITY,38.3,32.2,44.8,23885,20060
2023,WI,Wisconsin,Walworth,55127,ACCESS2,9.1,7.1,11.4,105822,85648
2023,WI,Wisconsin,Walworth,55127,BPHIGH,28.5,25.1,32.0,105822,85648
2023,WI,Wisconsin,Walworth,55127,CHECKUP,74.7,70.7,78.4,105822,85648
2023,WI,Wisconsin,Walworth,55127,CHOLSCREEN,84.0,81.3,86.5,105822,85648
2023,WI,Wisconsin,Walworth,55127,DIABETES,9.2,7.8,10.7,105822,85648
2023,WI,Wisconsin,Walworth,55127,OBESITY,39.3,32.6,46.2,105822,85648
2023,WI,Wisconsin,Washburn,55129,ACCESS2,8.3,6.3,10.7,16930,13886
2023,WI,Wisconsin,Washburn,55129,BPHIGH,29.9,26.2,33.7,16930,13886
2023,WI,Wisconsin,Washburn,55129,CHECKUP,74.7,70.8,78.5,16930,13886
2023,WI,Wisconsin,Washburn,55129,CHOLSCREEN,82.7,80.0,85.4,16930,13886
2023,WI,Wisconsin,Washburn,55129,DIABETES,9.7,8.3,11.3,16930,13886
2023,WI,Wisconsin,Washburn,55129,OBESITY,35.1,28.0,42.7,16930,13886
2023,WI,Wisconsin,Washington,55131,ACCESS2,6.7,5.1,8.8,138168,109514
2023,WI,Wisconsin,Washington,55131,BPHIGH,27.2,24.1,30.5,138168,109514
2023,WI,Wisconsin,Washington,55131,CHECKUP,75.9,72.2,79.3,138168,109514
2023,WI,Wisconsin,Washington,55131,CHOLSCREEN,85.0,82.5,87.5,138168,109514
2023,WI,Wisconsin,Washington,55131,DIABETES,8.1,7.0,9.4,138168,109514
2023,WI,Wisconsin,Washington,55131,OBESITY,35.9,30.4,41.9,138168,109514
2023,WI,Wisconsin,Waukesha,55133,ACCESS2,6.1,4.6,7.9,412591,327018
2023,WI,Wisconsin,Waukesha,55133,BPHIGH,28.0,25.1,30.8,412591,327018
2023,WI,Wisconsin,Waukesha,55133,CHECKUP,76.4,73.1,79.3,412591,327018
2023,WI,Wisconsin,Waukesha,55133,CHOLSCREEN,86.1,83.6,88.2,412591,327018
2023,WI,Wisconsin,Waukesha,55133,DIABETES,8.2,7.1,9.5,412591,327018
2023,WI,Wisconsin,Waukesha,55133,OBESITY,33.1,28.7,37.6,412591,327018
2023,WI,Wisconsin,Waupaca,55135,ACCESS2,8.8,6.7,11.5,51388,41137
2023,WI,Wisconsin,Waupaca,55135,BPHIGH,30.0,26.0,34.4,51388,41137
2023,WI,Wisconsin,Waupaca,55135,CHECKUP,74.6,69.8,79.2,51388,41137
2023,WI,Wisconsin,Waupaca,55135,CHOLSCREEN,82.9,79.7,85.8,51388,41137
2023,WI,Wisconsin,Waupaca,55135,DIABETES,10.0,8.4,11.9,51388,41137
2023,WI,Wisconsin,Waupaca,55135,OBESITY,37.8,30.4,46.0,51388,41137
2023,WI,Wisconsin,Waushara,55137,ACCESS2,10.0,7.7,12.6,24934,20556
2023,WI,Wisconsin,Waushara,55137,BPHIGH,30.2,26.7,33.9,24934,20556
2023,WI,Wisconsin,Waushara,55137,CHECKUP,74.1,70.0,77.7,24934,20556
2023,WI,Wisconsin,Waushara,55137,CHOLSCREEN,82.3,79.5,84.7,24934,20556
2023,WI,Wisconsin,Waushara,55137,DIABETES,10.2,8.8,11.8,24934,20556
2023,WI,Wisconsin,Waushara,55137,OBESITY,39.5,33.0,46.5,24934,20556
2023,WI,Wisconsin,Winnebago,55139,ACCESS2,8.0,6.1,10.3,171735,137307
2023,WI,Wisconsin,Winnebago,55139,BPHIGH,29.8,26.8,33.1,171735,137307
2023,WI,Wisconsin,Winnebago,55139,CHECKUP,76.6,73.1,79.8,171735,137307
2023,WI,Wisconsin,Winnebago,55139,CHOLSCREEN,83.6,80.9,86.1,171735,137307
2023,WI,Wisconsin,Winnebago,55139,DIABETES,9.9,8.6,11.4,171735,137307
2023,WI,Wisconsin,Winnebago,55139,OBESITY,40.6,35.3,46.1,171735,137307
2023,WI,Wisconsin,Wood,55141,ACCESS2,8.5,6.5,10.7,73939,58207
2023,WI,Wisconsin,Wood,55141,BPHIGH,29.4,26.4,32.6,73939,58207
2023,WI,Wisconsin,Wood,55141,CHECKUP,73.9,70.3,77.2,73939,58207
2023,WI,Wisconsin,Wood,55141,CHOLSCREEN,83.1,80.5,85.5,73939,58207
2023,WI,Wisconsin,Wood,55141,DIABETES,9.7,8.4,11.1,73939,58207
2023,WI,Wisconsin,Wood,55141,OBESITY,39.9,34.7,45.3,73939,58207
